<annotation>
	<folder>image</folder>
	<filename>iha_051.jpg</filename>
	<path>C:\Users\BLACKSEA\Desktop\image\iha_051.jpg</path>
	<source>
		<database>Unknown</database>
	</source>
	<size>
		<width>1024</width>
		<height>686</height>
		<depth>3</depth>
	</size>
	<segmented>0</segmented>
	<object>
		<name>iha</name>
		<pose>Unspecified</pose>
		<truncated>0</truncated>
		<difficult>0</difficult>
		<bndbox>
			<xmin>66</xmin>
			<ymin>112</ymin>
			<xmax>983</xmax>
			<ymax>582</ymax>
		</bndbox>
	</object>
</annotation>
