<annotation>
	<folder>image</folder>
	<filename>iha_045.jpg</filename>
	<path>C:\Users\BLACKSEA\Desktop\image\iha_045.jpg</path>
	<source>
		<database>Unknown</database>
	</source>
	<size>
		<width>445</width>
		<height>283</height>
		<depth>3</depth>
	</size>
	<segmented>0</segmented>
	<object>
		<name>iha</name>
		<pose>Unspecified</pose>
		<truncated>1</truncated>
		<difficult>0</difficult>
		<bndbox>
			<xmin>29</xmin>
			<ymin>1</ymin>
			<xmax>419</xmax>
			<ymax>283</ymax>
		</bndbox>
	</object>
</annotation>
