<annotation>
	<folder>image</folder>
	<filename>iha_007.jpg</filename>
	<path>C:\Users\BLACKSEA\Desktop\image\iha_007.jpg</path>
	<source>
		<database>Unknown</database>
	</source>
	<size>
		<width>620</width>
		<height>350</height>
		<depth>3</depth>
	</size>
	<segmented>0</segmented>
	<object>
		<name>iha</name>
		<pose>Unspecified</pose>
		<truncated>0</truncated>
		<difficult>0</difficult>
		<bndbox>
			<xmin>71</xmin>
			<ymin>119</ymin>
			<xmax>540</xmax>
			<ymax>301</ymax>
		</bndbox>
	</object>
</annotation>
