<annotation>
	<folder>image</folder>
	<filename>iha_064.jpg</filename>
	<path>C:\Users\BLACKSEA\Desktop\image\iha_064.jpg</path>
	<source>
		<database>Unknown</database>
	</source>
	<size>
		<width>1024</width>
		<height>819</height>
		<depth>3</depth>
	</size>
	<segmented>0</segmented>
	<object>
		<name>iha</name>
		<pose>Unspecified</pose>
		<truncated>0</truncated>
		<difficult>0</difficult>
		<bndbox>
			<xmin>90</xmin>
			<ymin>153</ymin>
			<xmax>942</xmax>
			<ymax>469</ymax>
		</bndbox>
	</object>
</annotation>
