<annotation>
	<folder>image</folder>
	<filename>iha_024.jpg</filename>
	<path>C:\Users\BLACKSEA\Desktop\image\iha_024.jpg</path>
	<source>
		<database>Unknown</database>
	</source>
	<size>
		<width>960</width>
		<height>504</height>
		<depth>3</depth>
	</size>
	<segmented>0</segmented>
	<object>
		<name>iha</name>
		<pose>Unspecified</pose>
		<truncated>0</truncated>
		<difficult>0</difficult>
		<bndbox>
			<xmin>29</xmin>
			<ymin>112</ymin>
			<xmax>943</xmax>
			<ymax>381</ymax>
		</bndbox>
	</object>
</annotation>
