<annotation>
	<folder>image</folder>
	<filename>iha_006.png</filename>
	<path>C:\Users\BLACKSEA\Desktop\image\iha_006.png</path>
	<source>
		<database>Unknown</database>
	</source>
	<size>
		<width>1337</width>
		<height>548</height>
		<depth>3</depth>
	</size>
	<segmented>0</segmented>
	<object>
		<name>iha</name>
		<pose>Unspecified</pose>
		<truncated>1</truncated>
		<difficult>0</difficult>
		<bndbox>
			<xmin>3</xmin>
			<ymin>158</ymin>
			<xmax>1337</xmax>
			<ymax>530</ymax>
		</bndbox>
	</object>
</annotation>
