<annotation>
	<folder>image</folder>
	<filename>iha_030.jpeg</filename>
	<path>C:\Users\BLACKSEA\Desktop\image\iha_030.jpeg</path>
	<source>
		<database>Unknown</database>
	</source>
	<size>
		<width>2740</width>
		<height>1300</height>
		<depth>3</depth>
	</size>
	<segmented>0</segmented>
	<object>
		<name>iha</name>
		<pose>Unspecified</pose>
		<truncated>1</truncated>
		<difficult>0</difficult>
		<bndbox>
			<xmin>17</xmin>
			<ymin>86</ymin>
			<xmax>2740</xmax>
			<ymax>581</ymax>
		</bndbox>
	</object>
</annotation>
