<annotation>
	<folder>image</folder>
	<filename>iha_029.jpg</filename>
	<path>C:\Users\BLACKSEA\Desktop\image\iha_029.jpg</path>
	<source>
		<database>Unknown</database>
	</source>
	<size>
		<width>1600</width>
		<height>1066</height>
		<depth>3</depth>
	</size>
	<segmented>0</segmented>
	<object>
		<name>iha</name>
		<pose>Unspecified</pose>
		<truncated>1</truncated>
		<difficult>0</difficult>
		<bndbox>
			<xmin>120</xmin>
			<ymin>201</ymin>
			<xmax>1600</xmax>
			<ymax>663</ymax>
		</bndbox>
	</object>
</annotation>
