<annotation>
	<folder>image</folder>
	<filename>iha_018.jpg</filename>
	<path>C:\Users\BLACKSEA\Desktop\image\iha_018.jpg</path>
	<source>
		<database>Unknown</database>
	</source>
	<size>
		<width>1000</width>
		<height>636</height>
		<depth>3</depth>
	</size>
	<segmented>0</segmented>
	<object>
		<name>iha</name>
		<pose>Unspecified</pose>
		<truncated>0</truncated>
		<difficult>0</difficult>
		<bndbox>
			<xmin>30</xmin>
			<ymin>135</ymin>
			<xmax>955</xmax>
			<ymax>486</ymax>
		</bndbox>
	</object>
</annotation>
