<annotation>
	<folder>image</folder>
	<filename>iha_042.jpg</filename>
	<path>C:\Users\BLACKSEA\Desktop\image\iha_042.jpg</path>
	<source>
		<database>Unknown</database>
	</source>
	<size>
		<width>575</width>
		<height>383</height>
		<depth>3</depth>
	</size>
	<segmented>0</segmented>
	<object>
		<name>iha</name>
		<pose>Unspecified</pose>
		<truncated>0</truncated>
		<difficult>0</difficult>
		<bndbox>
			<xmin>61</xmin>
			<ymin>98</ymin>
			<xmax>540</xmax>
			<ymax>289</ymax>
		</bndbox>
	</object>
</annotation>
