<annotation>
	<folder>image</folder>
	<filename>iha_025.jpg</filename>
	<path>C:\Users\BLACKSEA\Desktop\image\iha_025.jpg</path>
	<source>
		<database>Unknown</database>
	</source>
	<size>
		<width>752</width>
		<height>423</height>
		<depth>3</depth>
	</size>
	<segmented>0</segmented>
	<object>
		<name>iha</name>
		<pose>Unspecified</pose>
		<truncated>0</truncated>
		<difficult>0</difficult>
		<bndbox>
			<xmin>146</xmin>
			<ymin>104</ymin>
			<xmax>610</xmax>
			<ymax>293</ymax>
		</bndbox>
	</object>
</annotation>
