<annotation>
	<folder>image</folder>
	<filename>iha_083.jpg</filename>
	<path>C:\Users\BLACKSEA\Desktop\image\iha_083.jpg</path>
	<source>
		<database>Unknown</database>
	</source>
	<size>
		<width>1024</width>
		<height>1000</height>
		<depth>3</depth>
	</size>
	<segmented>0</segmented>
	<object>
		<name>iha</name>
		<pose>Unspecified</pose>
		<truncated>0</truncated>
		<difficult>0</difficult>
		<bndbox>
			<xmin>230</xmin>
			<ymin>609</ymin>
			<xmax>361</xmax>
			<ymax>660</ymax>
		</bndbox>
	</object>
	<object>
		<name>iha</name>
		<pose>Unspecified</pose>
		<truncated>0</truncated>
		<difficult>0</difficult>
		<bndbox>
			<xmin>202</xmin>
			<ymin>554</ymin>
			<xmax>284</xmax>
			<ymax>585</ymax>
		</bndbox>
	</object>
	<object>
		<name>iha</name>
		<pose>Unspecified</pose>
		<truncated>0</truncated>
		<difficult>0</difficult>
		<bndbox>
			<xmin>274</xmin>
			<ymin>481</ymin>
			<xmax>399</xmax>
			<ymax>517</ymax>
		</bndbox>
	</object>
	<object>
		<name>iha</name>
		<pose>Unspecified</pose>
		<truncated>0</truncated>
		<difficult>0</difficult>
		<bndbox>
			<xmin>77</xmin>
			<ymin>177</ymin>
			<xmax>736</xmax>
			<ymax>355</ymax>
		</bndbox>
	</object>
	<object>
		<name>iha</name>
		<pose>Unspecified</pose>
		<truncated>0</truncated>
		<difficult>0</difficult>
		<bndbox>
			<xmin>62</xmin>
			<ymin>307</ymin>
			<xmax>204</xmax>
			<ymax>360</ymax>
		</bndbox>
	</object>
	<object>
		<name>iha</name>
		<pose>Unspecified</pose>
		<truncated>0</truncated>
		<difficult>0</difficult>
		<bndbox>
			<xmin>196</xmin>
			<ymin>341</ymin>
			<xmax>287</xmax>
			<ymax>368</ymax>
		</bndbox>
	</object>
	<object>
		<name>iha</name>
		<pose>Unspecified</pose>
		<truncated>0</truncated>
		<difficult>0</difficult>
		<bndbox>
			<xmin>66</xmin>
			<ymin>501</ymin>
			<xmax>205</xmax>
			<ymax>554</ymax>
		</bndbox>
	</object>
	<object>
		<name>iha</name>
		<pose>Unspecified</pose>
		<truncated>0</truncated>
		<difficult>0</difficult>
		<bndbox>
			<xmin>121</xmin>
			<ymin>589</ymin>
			<xmax>178</xmax>
			<ymax>621</ymax>
		</bndbox>
	</object>
	<object>
		<name>iha</name>
		<pose>Unspecified</pose>
		<truncated>0</truncated>
		<difficult>0</difficult>
		<bndbox>
			<xmin>18</xmin>
			<ymin>610</ymin>
			<xmax>55</xmax>
			<ymax>634</ymax>
		</bndbox>
	</object>
	<object>
		<name>iha</name>
		<pose>Unspecified</pose>
		<truncated>0</truncated>
		<difficult>0</difficult>
		<bndbox>
			<xmin>802</xmin>
			<ymin>583</ymin>
			<xmax>947</xmax>
			<ymax>624</ymax>
		</bndbox>
	</object>
	<object>
		<name>iha</name>
		<pose>Unspecified</pose>
		<truncated>0</truncated>
		<difficult>0</difficult>
		<bndbox>
			<xmin>745</xmin>
			<ymin>554</ymin>
			<xmax>788</xmax>
			<ymax>578</ymax>
		</bndbox>
	</object>
	<object>
		<name>iha</name>
		<pose>Unspecified</pose>
		<truncated>0</truncated>
		<difficult>0</difficult>
		<bndbox>
			<xmin>669</xmin>
			<ymin>315</ymin>
			<xmax>719</xmax>
			<ymax>341</ymax>
		</bndbox>
	</object>
	<object>
		<name>iha</name>
		<pose>Unspecified</pose>
		<truncated>0</truncated>
		<difficult>0</difficult>
		<bndbox>
			<xmin>688</xmin>
			<ymin>241</ymin>
			<xmax>788</xmax>
			<ymax>275</ymax>
		</bndbox>
	</object>
	<object>
		<name>iha</name>
		<pose>Unspecified</pose>
		<truncated>0</truncated>
		<difficult>0</difficult>
		<bndbox>
			<xmin>457</xmin>
			<ymin>325</ymin>
			<xmax>510</xmax>
			<ymax>357</ymax>
		</bndbox>
	</object>
	<object>
		<name>iha</name>
		<pose>Unspecified</pose>
		<truncated>0</truncated>
		<difficult>0</difficult>
		<bndbox>
			<xmin>442</xmin>
			<ymin>507</ymin>
			<xmax>495</xmax>
			<ymax>533</ymax>
		</bndbox>
	</object>
	<object>
		<name>iha</name>
		<pose>Unspecified</pose>
		<truncated>0</truncated>
		<difficult>0</difficult>
		<bndbox>
			<xmin>947</xmin>
			<ymin>285</ymin>
			<xmax>988</xmax>
			<ymax>309</ymax>
		</bndbox>
	</object>
	<object>
		<name>iha</name>
		<pose>Unspecified</pose>
		<truncated>0</truncated>
		<difficult>0</difficult>
		<bndbox>
			<xmin>958</xmin>
			<ymin>310</ymin>
			<xmax>1006</xmax>
			<ymax>331</ymax>
		</bndbox>
	</object>
</annotation>
