<annotation>
	<folder>image</folder>
	<filename>iha_001.jpg</filename>
	<path>C:\Users\BLACKSEA\Desktop\image\iha_001.jpg</path>
	<source>
		<database>Unknown</database>
	</source>
	<size>
		<width>750</width>
		<height>422</height>
		<depth>3</depth>
	</size>
	<segmented>0</segmented>
	<object>
		<name>iha</name>
		<pose>Unspecified</pose>
		<truncated>0</truncated>
		<difficult>0</difficult>
		<bndbox>
			<xmin>26</xmin>
			<ymin>14</ymin>
			<xmax>666</xmax>
			<ymax>361</ymax>
		</bndbox>
	</object>
</annotation>
