<annotation>
	<folder>image</folder>
	<filename>iha_038.jpg</filename>
	<path>C:\Users\BLACKSEA\Desktop\image\iha_038.jpg</path>
	<source>
		<database>Unknown</database>
	</source>
	<size>
		<width>1200</width>
		<height>797</height>
		<depth>3</depth>
	</size>
	<segmented>0</segmented>
	<object>
		<name>iha</name>
		<pose>Unspecified</pose>
		<truncated>0</truncated>
		<difficult>0</difficult>
		<bndbox>
			<xmin>19</xmin>
			<ymin>228</ymin>
			<xmax>1177</xmax>
			<ymax>554</ymax>
		</bndbox>
	</object>
</annotation>
