<annotation>
	<folder>image</folder>
	<filename>iha_112.jpg</filename>
	<path>C:\Users\BLACKSEA\Desktop\image\iha_112.jpg</path>
	<source>
		<database>Unknown</database>
	</source>
	<size>
		<width>1024</width>
		<height>681</height>
		<depth>3</depth>
	</size>
	<segmented>0</segmented>
	<object>
		<name>iha</name>
		<pose>Unspecified</pose>
		<truncated>0</truncated>
		<difficult>0</difficult>
		<bndbox>
			<xmin>40</xmin>
			<ymin>176</ymin>
			<xmax>950</xmax>
			<ymax>489</ymax>
		</bndbox>
	</object>
</annotation>
