<annotation>
	<folder>image</folder>
	<filename>iha_028.jpg</filename>
	<path>C:\Users\BLACKSEA\Desktop\image\iha_028.jpg</path>
	<source>
		<database>Unknown</database>
	</source>
	<size>
		<width>1920</width>
		<height>967</height>
		<depth>3</depth>
	</size>
	<segmented>0</segmented>
	<object>
		<name>iha</name>
		<pose>Unspecified</pose>
		<truncated>0</truncated>
		<difficult>0</difficult>
		<bndbox>
			<xmin>367</xmin>
			<ymin>331</ymin>
			<xmax>1235</xmax>
			<ymax>775</ymax>
		</bndbox>
	</object>
	<object>
		<name>iha</name>
		<pose>Unspecified</pose>
		<truncated>0</truncated>
		<difficult>0</difficult>
		<bndbox>
			<xmin>44</xmin>
			<ymin>148</ymin>
			<xmax>587</xmax>
			<ymax>372</ymax>
		</bndbox>
	</object>
</annotation>
