<annotation>
	<folder>image</folder>
	<filename>iha_026.jpg</filename>
	<path>C:\Users\BLACKSEA\Desktop\image\iha_026.jpg</path>
	<source>
		<database>Unknown</database>
	</source>
	<size>
		<width>700</width>
		<height>467</height>
		<depth>3</depth>
	</size>
	<segmented>0</segmented>
	<object>
		<name>iha</name>
		<pose>Unspecified</pose>
		<truncated>1</truncated>
		<difficult>0</difficult>
		<bndbox>
			<xmin>1</xmin>
			<ymin>1</ymin>
			<xmax>700</xmax>
			<ymax>406</ymax>
		</bndbox>
	</object>
</annotation>
