<annotation>
	<folder>image</folder>
	<filename>iha_011.jpg</filename>
	<path>C:\Users\BLACKSEA\Desktop\image\iha_011.jpg</path>
	<source>
		<database>Unknown</database>
	</source>
	<size>
		<width>851</width>
		<height>486</height>
		<depth>3</depth>
	</size>
	<segmented>0</segmented>
	<object>
		<name>iha</name>
		<pose>Unspecified</pose>
		<truncated>0</truncated>
		<difficult>0</difficult>
		<bndbox>
			<xmin>89</xmin>
			<ymin>163</ymin>
			<xmax>790</xmax>
			<ymax>397</ymax>
		</bndbox>
	</object>
</annotation>
