<annotation>
	<folder>birds</folder>
	<filename>kus_058.jpg</filename>
	<path>C:\Users\BLACKSEA\Desktop\image\birds\kus_058.jpg</path>
	<source>
		<database>Unknown</database>
	</source>
	<size>
		<width>1000</width>
		<height>667</height>
		<depth>3</depth>
	</size>
	<segmented>0</segmented>
	<object>
		<name>kus</name>
		<pose>Unspecified</pose>
		<truncated>0</truncated>
		<difficult>0</difficult>
		<bndbox>
			<xmin>289</xmin>
			<ymin>104</ymin>
			<xmax>575</xmax>
			<ymax>443</ymax>
		</bndbox>
	</object>
</annotation>
