<annotation>
	<folder>birds</folder>
	<filename>kus_075.jpg</filename>
	<path>C:\Users\BLACKSEA\Desktop\image\birds\kus_075.jpg</path>
	<source>
		<database>Unknown</database>
	</source>
	<size>
		<width>850</width>
		<height>1100</height>
		<depth>1</depth>
	</size>
	<segmented>0</segmented>
	<object>
		<name>kus</name>
		<pose>Unspecified</pose>
		<truncated>0</truncated>
		<difficult>0</difficult>
		<bndbox>
			<xmin>112</xmin>
			<ymin>129</ymin>
			<xmax>560</xmax>
			<ymax>457</ymax>
		</bndbox>
	</object>
</annotation>
