<annotation>
	<folder>birds</folder>
	<filename>kus_080.jpg</filename>
	<path>C:\Users\BLACKSEA\Desktop\image\birds\kus_080.jpg</path>
	<source>
		<database>Unknown</database>
	</source>
	<size>
		<width>1022</width>
		<height>1024</height>
		<depth>3</depth>
	</size>
	<segmented>0</segmented>
	<object>
		<name>kus</name>
		<pose>Unspecified</pose>
		<truncated>0</truncated>
		<difficult>0</difficult>
		<bndbox>
			<xmin>76</xmin>
			<ymin>612</ymin>
			<xmax>402</xmax>
			<ymax>934</ymax>
		</bndbox>
	</object>
	<object>
		<name>kus</name>
		<pose>Unspecified</pose>
		<truncated>0</truncated>
		<difficult>0</difficult>
		<bndbox>
			<xmin>450</xmin>
			<ymin>498</ymin>
			<xmax>645</xmax>
			<ymax>819</ymax>
		</bndbox>
	</object>
</annotation>
