<annotation>
	<folder>birds</folder>
	<filename>kus_095.jpg</filename>
	<path>C:\Users\BLACKSEA\Desktop\image\birds\kus_095.jpg</path>
	<source>
		<database>Unknown</database>
	</source>
	<size>
		<width>474</width>
		<height>454</height>
		<depth>3</depth>
	</size>
	<segmented>0</segmented>
	<object>
		<name>kus</name>
		<pose>Unspecified</pose>
		<truncated>0</truncated>
		<difficult>0</difficult>
		<bndbox>
			<xmin>137</xmin>
			<ymin>157</ymin>
			<xmax>390</xmax>
			<ymax>418</ymax>
		</bndbox>
	</object>
</annotation>
