<annotation>
	<folder>birds</folder>
	<filename>kus_062.jpg</filename>
	<path>C:\Users\BLACKSEA\Desktop\image\birds\kus_062.jpg</path>
	<source>
		<database>Unknown</database>
	</source>
	<size>
		<width>310</width>
		<height>310</height>
		<depth>1</depth>
	</size>
	<segmented>0</segmented>
	<object>
		<name>kus</name>
		<pose>Unspecified</pose>
		<truncated>0</truncated>
		<difficult>0</difficult>
		<bndbox>
			<xmin>20</xmin>
			<ymin>86</ymin>
			<xmax>285</xmax>
			<ymax>227</ymax>
		</bndbox>
	</object>
</annotation>
