<annotation>
	<folder>birds</folder>
	<filename>kus_043.jpg</filename>
	<path>C:\Users\BLACKSEA\Desktop\image\birds\kus_043.jpg</path>
	<source>
		<database>Unknown</database>
	</source>
	<size>
		<width>1300</width>
		<height>1276</height>
		<depth>3</depth>
	</size>
	<segmented>0</segmented>
	<object>
		<name>kus</name>
		<pose>Unspecified</pose>
		<truncated>0</truncated>
		<difficult>0</difficult>
		<bndbox>
			<xmin>31</xmin>
			<ymin>562</ymin>
			<xmax>229</xmax>
			<ymax>846</ymax>
		</bndbox>
	</object>
	<object>
		<name>kus</name>
		<pose>Unspecified</pose>
		<truncated>0</truncated>
		<difficult>0</difficult>
		<bndbox>
			<xmin>974</xmin>
			<ymin>20</ymin>
			<xmax>1269</xmax>
			<ymax>311</ymax>
		</bndbox>
	</object>
	<object>
		<name>kus</name>
		<pose>Unspecified</pose>
		<truncated>0</truncated>
		<difficult>0</difficult>
		<bndbox>
			<xmin>693</xmin>
			<ymin>783</ymin>
			<xmax>952</xmax>
			<ymax>940</ymax>
		</bndbox>
	</object>
	<object>
		<name>kus</name>
		<pose>Unspecified</pose>
		<truncated>0</truncated>
		<difficult>0</difficult>
		<bndbox>
			<xmin>67</xmin>
			<ymin>924</ymin>
			<xmax>250</xmax>
			<ymax>1238</ymax>
		</bndbox>
	</object>
</annotation>
