<annotation>
	<folder>birds</folder>
	<filename>kus_028.jpg</filename>
	<path>C:\Users\BLACKSEA\Desktop\image\birds\kus_028.jpg</path>
	<source>
		<database>Unknown</database>
	</source>
	<size>
		<width>256</width>
		<height>197</height>
		<depth>3</depth>
	</size>
	<segmented>0</segmented>
	<object>
		<name>kus</name>
		<pose>Unspecified</pose>
		<truncated>1</truncated>
		<difficult>0</difficult>
		<bndbox>
			<xmin>56</xmin>
			<ymin>1</ymin>
			<xmax>212</xmax>
			<ymax>180</ymax>
		</bndbox>
	</object>
</annotation>
