<annotation>
	<folder>birds</folder>
	<filename>kus_053.jpg</filename>
	<path>C:\Users\BLACKSEA\Desktop\image\birds\kus_053.jpg</path>
	<source>
		<database>Unknown</database>
	</source>
	<size>
		<width>300</width>
		<height>180</height>
		<depth>3</depth>
	</size>
	<segmented>0</segmented>
	<object>
		<name>kus</name>
		<pose>Unspecified</pose>
		<truncated>0</truncated>
		<difficult>0</difficult>
		<bndbox>
			<xmin>68</xmin>
			<ymin>5</ymin>
			<xmax>236</xmax>
			<ymax>178</ymax>
		</bndbox>
	</object>
</annotation>
