<annotation>
	<folder>birds</folder>
	<filename>kus_033.jpg</filename>
	<path>C:\Users\BLACKSEA\Desktop\image\birds\kus_033.jpg</path>
	<source>
		<database>Unknown</database>
	</source>
	<size>
		<width>1300</width>
		<height>784</height>
		<depth>3</depth>
	</size>
	<segmented>0</segmented>
	<object>
		<name>kus</name>
		<pose>Unspecified</pose>
		<truncated>0</truncated>
		<difficult>0</difficult>
		<bndbox>
			<xmin>263</xmin>
			<ymin>126</ymin>
			<xmax>1139</xmax>
			<ymax>692</ymax>
		</bndbox>
	</object>
</annotation>
