<annotation>
	<folder>birds</folder>
	<filename>kus_086.jpg</filename>
	<path>C:\Users\BLACKSEA\Desktop\image\birds\kus_086.jpg</path>
	<source>
		<database>Unknown</database>
	</source>
	<size>
		<width>702</width>
		<height>720</height>
		<depth>3</depth>
	</size>
	<segmented>0</segmented>
	<object>
		<name>kus</name>
		<pose>Unspecified</pose>
		<truncated>0</truncated>
		<difficult>0</difficult>
		<bndbox>
			<xmin>174</xmin>
			<ymin>42</ymin>
			<xmax>675</xmax>
			<ymax>694</ymax>
		</bndbox>
	</object>
</annotation>
