<annotation>
	<folder>birds</folder>
	<filename>kus_083.jpg</filename>
	<path>C:\Users\BLACKSEA\Desktop\image\birds\kus_083.jpg</path>
	<source>
		<database>Unknown</database>
	</source>
	<size>
		<width>260</width>
		<height>176</height>
		<depth>3</depth>
	</size>
	<segmented>0</segmented>
	<object>
		<name>kus</name>
		<pose>Unspecified</pose>
		<truncated>0</truncated>
		<difficult>0</difficult>
		<bndbox>
			<xmin>118</xmin>
			<ymin>136</ymin>
			<xmax>148</xmax>
			<ymax>168</ymax>
		</bndbox>
	</object>
	<object>
		<name>kus</name>
		<pose>Unspecified</pose>
		<truncated>0</truncated>
		<difficult>0</difficult>
		<bndbox>
			<xmin>175</xmin>
			<ymin>67</ymin>
			<xmax>203</xmax>
			<ymax>100</ymax>
		</bndbox>
	</object>
</annotation>
