<annotation>
	<folder>birds</folder>
	<filename>kus_048.jpg</filename>
	<path>C:\Users\BLACKSEA\Desktop\image\birds\kus_048.jpg</path>
	<source>
		<database>Unknown</database>
	</source>
	<size>
		<width>640</width>
		<height>640</height>
		<depth>1</depth>
	</size>
	<segmented>0</segmented>
	<object>
		<name>kus</name>
		<pose>Unspecified</pose>
		<truncated>0</truncated>
		<difficult>0</difficult>
		<bndbox>
			<xmin>88</xmin>
			<ymin>124</ymin>
			<xmax>547</xmax>
			<ymax>523</ymax>
		</bndbox>
	</object>
</annotation>
