<annotation>
	<folder>birds</folder>
	<filename>kus_044.jpg</filename>
	<path>C:\Users\BLACKSEA\Desktop\image\birds\kus_044.jpg</path>
	<source>
		<database>Unknown</database>
	</source>
	<size>
		<width>394</width>
		<height>280</height>
		<depth>3</depth>
	</size>
	<segmented>0</segmented>
	<object>
		<name>kus</name>
		<pose>Unspecified</pose>
		<truncated>0</truncated>
		<difficult>0</difficult>
		<bndbox>
			<xmin>235</xmin>
			<ymin>137</ymin>
			<xmax>310</xmax>
			<ymax>220</ymax>
		</bndbox>
	</object>
</annotation>
