<annotation>
	<folder>birds</folder>
	<filename>kus_085.jpg</filename>
	<path>C:\Users\BLACKSEA\Desktop\image\birds\kus_085.jpg</path>
	<source>
		<database>Unknown</database>
	</source>
	<size>
		<width>517</width>
		<height>775</height>
		<depth>3</depth>
	</size>
	<segmented>0</segmented>
	<object>
		<name>kus</name>
		<pose>Unspecified</pose>
		<truncated>0</truncated>
		<difficult>0</difficult>
		<bndbox>
			<xmin>111</xmin>
			<ymin>41</ymin>
			<xmax>462</xmax>
			<ymax>750</ymax>
		</bndbox>
	</object>
</annotation>
