<annotation>
	<folder>birds</folder>
	<filename>kus_064.jpg</filename>
	<path>C:\Users\BLACKSEA\Desktop\image\birds\kus_064.jpg</path>
	<source>
		<database>Unknown</database>
	</source>
	<size>
		<width>1080</width>
		<height>720</height>
		<depth>3</depth>
	</size>
	<segmented>0</segmented>
	<object>
		<name>kus</name>
		<pose>Unspecified</pose>
		<truncated>0</truncated>
		<difficult>0</difficult>
		<bndbox>
			<xmin>308</xmin>
			<ymin>303</ymin>
			<xmax>572</xmax>
			<ymax>415</ymax>
		</bndbox>
	</object>
</annotation>
