<annotation>
	<folder>birds</folder>
	<filename>kus_045.jpg</filename>
	<path>C:\Users\BLACKSEA\Desktop\image\birds\kus_045.jpg</path>
	<source>
		<database>Unknown</database>
	</source>
	<size>
		<width>736</width>
		<height>638</height>
		<depth>1</depth>
	</size>
	<segmented>0</segmented>
	<object>
		<name>kus</name>
		<pose>Unspecified</pose>
		<truncated>0</truncated>
		<difficult>0</difficult>
		<bndbox>
			<xmin>104</xmin>
			<ymin>42</ymin>
			<xmax>557</xmax>
			<ymax>388</ymax>
		</bndbox>
	</object>
</annotation>
