<annotation>
	<folder>birds</folder>
	<filename>kus_098.jpg</filename>
	<path>C:\Users\BLACKSEA\Desktop\image\birds\kus_098.jpg</path>
	<source>
		<database>Unknown</database>
	</source>
	<size>
		<width>1280</width>
		<height>829</height>
		<depth>3</depth>
	</size>
	<segmented>0</segmented>
	<object>
		<name>kus</name>
		<pose>Unspecified</pose>
		<truncated>0</truncated>
		<difficult>0</difficult>
		<bndbox>
			<xmin>9</xmin>
			<ymin>29</ymin>
			<xmax>1094</xmax>
			<ymax>643</ymax>
		</bndbox>
	</object>
</annotation>
