<annotation>
	<folder>birds</folder>
	<filename>kus_055.jpg</filename>
	<path>C:\Users\BLACKSEA\Desktop\image\birds\kus_055.jpg</path>
	<source>
		<database>Unknown</database>
	</source>
	<size>
		<width>877</width>
		<height>1045</height>
		<depth>1</depth>
	</size>
	<segmented>0</segmented>
	<object>
		<name>kus</name>
		<pose>Unspecified</pose>
		<truncated>1</truncated>
		<difficult>0</difficult>
		<bndbox>
			<xmin>6</xmin>
			<ymin>1</ymin>
			<xmax>877</xmax>
			<ymax>1036</ymax>
		</bndbox>
	</object>
</annotation>
