<annotation>
	<folder>birds</folder>
	<filename>kus_009.jpg</filename>
	<path>C:\Users\BLACKSEA\Desktop\image\birds\kus_009.jpg</path>
	<source>
		<database>Unknown</database>
	</source>
	<size>
		<width>3000</width>
		<height>2000</height>
		<depth>3</depth>
	</size>
	<segmented>0</segmented>
	<object>
		<name>kus</name>
		<pose>Unspecified</pose>
		<truncated>0</truncated>
		<difficult>0</difficult>
		<bndbox>
			<xmin>1247</xmin>
			<ymin>192</ymin>
			<xmax>2499</xmax>
			<ymax>1213</ymax>
		</bndbox>
	</object>
</annotation>
