<annotation>
	<folder>birds</folder>
	<filename>kus_092.jpg</filename>
	<path>C:\Users\BLACKSEA\Desktop\image\birds\kus_092.jpg</path>
	<source>
		<database>Unknown</database>
	</source>
	<size>
		<width>550</width>
		<height>366</height>
		<depth>3</depth>
	</size>
	<segmented>0</segmented>
	<object>
		<name>kus</name>
		<pose>Unspecified</pose>
		<truncated>0</truncated>
		<difficult>0</difficult>
		<bndbox>
			<xmin>155</xmin>
			<ymin>69</ymin>
			<xmax>527</xmax>
			<ymax>318</ymax>
		</bndbox>
	</object>
</annotation>
