<annotation>
	<folder>birds</folder>
	<filename>kus_084.jpg</filename>
	<path>C:\Users\BLACKSEA\Desktop\image\birds\kus_084.jpg</path>
	<source>
		<database>Unknown</database>
	</source>
	<size>
		<width>301</width>
		<height>296</height>
		<depth>1</depth>
	</size>
	<segmented>0</segmented>
	<object>
		<name>kus</name>
		<pose>Unspecified</pose>
		<truncated>0</truncated>
		<difficult>0</difficult>
		<bndbox>
			<xmin>10</xmin>
			<ymin>2</ymin>
			<xmax>290</xmax>
			<ymax>283</ymax>
		</bndbox>
	</object>
</annotation>
