<annotation>
	<folder>birds</folder>
	<filename>kus_010.jpg</filename>
	<path>C:\Users\BLACKSEA\Desktop\image\birds\kus_010.jpg</path>
	<source>
		<database>Unknown</database>
	</source>
	<size>
		<width>700</width>
		<height>467</height>
		<depth>3</depth>
	</size>
	<segmented>0</segmented>
	<object>
		<name>kus</name>
		<pose>Unspecified</pose>
		<truncated>0</truncated>
		<difficult>0</difficult>
		<bndbox>
			<xmin>15</xmin>
			<ymin>19</ymin>
			<xmax>484</xmax>
			<ymax>328</ymax>
		</bndbox>
	</object>
</annotation>
