<annotation>
	<folder>birds</folder>
	<filename>kus_0100.jpg</filename>
	<path>C:\Users\BLACKSEA\Desktop\image\birds\kus_0100.jpg</path>
	<source>
		<database>Unknown</database>
	</source>
	<size>
		<width>720</width>
		<height>478</height>
		<depth>3</depth>
	</size>
	<segmented>0</segmented>
	<object>
		<name>kus</name>
		<pose>Unspecified</pose>
		<truncated>0</truncated>
		<difficult>0</difficult>
		<bndbox>
			<xmin>93</xmin>
			<ymin>114</ymin>
			<xmax>439</xmax>
			<ymax>438</ymax>
		</bndbox>
	</object>
</annotation>
