<annotation>
	<folder>birds</folder>
	<filename>kus_020.jpg</filename>
	<path>C:\Users\BLACKSEA\Desktop\image\birds\kus_020.jpg</path>
	<source>
		<database>Unknown</database>
	</source>
	<size>
		<width>468</width>
		<height>264</height>
		<depth>3</depth>
	</size>
	<segmented>0</segmented>
	<object>
		<name>kus</name>
		<pose>Unspecified</pose>
		<truncated>0</truncated>
		<difficult>0</difficult>
		<bndbox>
			<xmin>177</xmin>
			<ymin>59</ymin>
			<xmax>355</xmax>
			<ymax>168</ymax>
		</bndbox>
	</object>
</annotation>
