<annotation>
	<folder>airplane</folder>
	<filename>ucak_073.jpg</filename>
	<path>C:\Users\BLACKSEA\Desktop\image\airplane\ucak_073.jpg</path>
	<source>
		<database>Unknown</database>
	</source>
	<size>
		<width>600</width>
		<height>389</height>
		<depth>3</depth>
	</size>
	<segmented>0</segmented>
	<object>
		<name>ucak</name>
		<pose>Unspecified</pose>
		<truncated>0</truncated>
		<difficult>0</difficult>
		<bndbox>
			<xmin>75</xmin>
			<ymin>95</ymin>
			<xmax>552</xmax>
			<ymax>291</ymax>
		</bndbox>
	</object>
</annotation>
