<annotation>
	<folder>airplane</folder>
	<filename>ucak_099.jpg</filename>
	<path>C:\Users\BLACKSEA\Desktop\image\airplane\ucak_099.jpg</path>
	<source>
		<database>Unknown</database>
	</source>
	<size>
		<width>1280</width>
		<height>436</height>
		<depth>3</depth>
	</size>
	<segmented>0</segmented>
	<object>
		<name>ucak</name>
		<pose>Unspecified</pose>
		<truncated>0</truncated>
		<difficult>0</difficult>
		<bndbox>
			<xmin>117</xmin>
			<ymin>16</ymin>
			<xmax>1002</xmax>
			<ymax>366</ymax>
		</bndbox>
	</object>
</annotation>
