<annotation>
	<folder>airplane</folder>
	<filename>ucak_080.jpg</filename>
	<path>C:\Users\BLACKSEA\Desktop\image\airplane\ucak_080.jpg</path>
	<source>
		<database>Unknown</database>
	</source>
	<size>
		<width>902</width>
		<height>669</height>
		<depth>3</depth>
	</size>
	<segmented>0</segmented>
	<object>
		<name>ucak</name>
		<pose>Unspecified</pose>
		<truncated>0</truncated>
		<difficult>0</difficult>
		<bndbox>
			<xmin>14</xmin>
			<ymin>109</ymin>
			<xmax>898</xmax>
			<ymax>565</ymax>
		</bndbox>
	</object>
</annotation>
