<annotation>
	<folder>airplane</folder>
	<filename>ucak_013.jpg</filename>
	<path>C:\Users\BLACKSEA\Desktop\image\airplane\ucak_013.jpg</path>
	<source>
		<database>Unknown</database>
	</source>
	<size>
		<width>619</width>
		<height>560</height>
		<depth>1</depth>
	</size>
	<segmented>0</segmented>
	<object>
		<name>ucak</name>
		<pose>Unspecified</pose>
		<truncated>0</truncated>
		<difficult>0</difficult>
		<bndbox>
			<xmin>5</xmin>
			<ymin>3</ymin>
			<xmax>560</xmax>
			<ymax>555</ymax>
		</bndbox>
	</object>
</annotation>
