<annotation>
	<folder>airplane</folder>
	<filename>ucak_069.jpg</filename>
	<path>C:\Users\BLACKSEA\Desktop\image\airplane\ucak_069.jpg</path>
	<source>
		<database>Unknown</database>
	</source>
	<size>
		<width>640</width>
		<height>359</height>
		<depth>3</depth>
	</size>
	<segmented>0</segmented>
	<object>
		<name>ucak</name>
		<pose>Unspecified</pose>
		<truncated>0</truncated>
		<difficult>0</difficult>
		<bndbox>
			<xmin>67</xmin>
			<ymin>9</ymin>
			<xmax>520</xmax>
			<ymax>334</ymax>
		</bndbox>
	</object>
</annotation>
