<annotation>
	<folder>airplane</folder>
	<filename>ucak_114.jpg</filename>
	<path>C:\Users\BLACKSEA\Desktop\image\airplane\ucak_114.jpg</path>
	<source>
		<database>Unknown</database>
	</source>
	<size>
		<width>292</width>
		<height>173</height>
		<depth>3</depth>
	</size>
	<segmented>0</segmented>
	<object>
		<name>ucak</name>
		<pose>Unspecified</pose>
		<truncated>0</truncated>
		<difficult>0</difficult>
		<bndbox>
			<xmin>274</xmin>
			<ymin>2</ymin>
			<xmax>290</xmax>
			<ymax>16</ymax>
		</bndbox>
	</object>
</annotation>
