<annotation>
	<folder>airplane</folder>
	<filename>ucak_024.jpg</filename>
	<path>C:\Users\BLACKSEA\Desktop\image\airplane\ucak_024.jpg</path>
	<source>
		<database>Unknown</database>
	</source>
	<size>
		<width>1729</width>
		<height>1102</height>
		<depth>3</depth>
	</size>
	<segmented>0</segmented>
	<object>
		<name>ucak</name>
		<pose>Unspecified</pose>
		<truncated>0</truncated>
		<difficult>0</difficult>
		<bndbox>
			<xmin>102</xmin>
			<ymin>269</ymin>
			<xmax>1677</xmax>
			<ymax>829</ymax>
		</bndbox>
	</object>
</annotation>
