<annotation>
	<folder>airplane</folder>
	<filename>ucak_018.jpg</filename>
	<path>C:\Users\BLACKSEA\Desktop\image\airplane\ucak_018.jpg</path>
	<source>
		<database>Unknown</database>
	</source>
	<size>
		<width>1320</width>
		<height>742</height>
		<depth>3</depth>
	</size>
	<segmented>0</segmented>
	<object>
		<name>ucak</name>
		<pose>Unspecified</pose>
		<truncated>0</truncated>
		<difficult>0</difficult>
		<bndbox>
			<xmin>499</xmin>
			<ymin>15</ymin>
			<xmax>1251</xmax>
			<ymax>395</ymax>
		</bndbox>
	</object>
</annotation>
