<annotation>
	<folder>airplane</folder>
	<filename>ucak_043.jpg</filename>
	<path>C:\Users\BLACKSEA\Desktop\image\airplane\ucak_043.jpg</path>
	<source>
		<database>Unknown</database>
	</source>
	<size>
		<width>682</width>
		<height>350</height>
		<depth>3</depth>
	</size>
	<segmented>0</segmented>
	<object>
		<name>ucak</name>
		<pose>Unspecified</pose>
		<truncated>0</truncated>
		<difficult>0</difficult>
		<bndbox>
			<xmin>65</xmin>
			<ymin>44</ymin>
			<xmax>681</xmax>
			<ymax>254</ymax>
		</bndbox>
	</object>
</annotation>
