<annotation>
	<folder>airplane</folder>
	<filename>ucak_091.jpg</filename>
	<path>C:\Users\BLACKSEA\Desktop\image\airplane\ucak_091.jpg</path>
	<source>
		<database>Unknown</database>
	</source>
	<size>
		<width>500</width>
		<height>291</height>
		<depth>3</depth>
	</size>
	<segmented>0</segmented>
	<object>
		<name>ucak</name>
		<pose>Unspecified</pose>
		<truncated>0</truncated>
		<difficult>0</difficult>
		<bndbox>
			<xmin>226</xmin>
			<ymin>26</ymin>
			<xmax>389</xmax>
			<ymax>153</ymax>
		</bndbox>
	</object>
</annotation>
