<annotation>
	<folder>airplane</folder>
	<filename>ucak_062.jpg</filename>
	<path>C:\Users\BLACKSEA\Desktop\image\airplane\ucak_062.jpg</path>
	<source>
		<database>Unknown</database>
	</source>
	<size>
		<width>275</width>
		<height>183</height>
		<depth>3</depth>
	</size>
	<segmented>0</segmented>
	<object>
		<name>ucak</name>
		<pose>Unspecified</pose>
		<truncated>0</truncated>
		<difficult>0</difficult>
		<bndbox>
			<xmin>24</xmin>
			<ymin>34</ymin>
			<xmax>256</xmax>
			<ymax>125</ymax>
		</bndbox>
	</object>
</annotation>
