<annotation>
	<folder>airplane</folder>
	<filename>ucak_067.jpg</filename>
	<path>C:\Users\BLACKSEA\Desktop\image\airplane\ucak_067.jpg</path>
	<source>
		<database>Unknown</database>
	</source>
	<size>
		<width>2574</width>
		<height>1695</height>
		<depth>3</depth>
	</size>
	<segmented>0</segmented>
	<object>
		<name>ucak</name>
		<pose>Unspecified</pose>
		<truncated>0</truncated>
		<difficult>0</difficult>
		<bndbox>
			<xmin>79</xmin>
			<ymin>459</ymin>
			<xmax>2548</xmax>
			<ymax>1312</ymax>
		</bndbox>
	</object>
</annotation>
