<annotation>
	<folder>airplane</folder>
	<filename>ucak_045.jpg</filename>
	<path>C:\Users\BLACKSEA\Desktop\image\airplane\ucak_045.jpg</path>
	<source>
		<database>Unknown</database>
	</source>
	<size>
		<width>1920</width>
		<height>1200</height>
		<depth>3</depth>
	</size>
	<segmented>0</segmented>
	<object>
		<name>ucak</name>
		<pose>Unspecified</pose>
		<truncated>0</truncated>
		<difficult>0</difficult>
		<bndbox>
			<xmin>75</xmin>
			<ymin>171</ymin>
			<xmax>1859</xmax>
			<ymax>1055</ymax>
		</bndbox>
	</object>
</annotation>
