<annotation>
	<folder>airplane</folder>
	<filename>ucak_109.jpg</filename>
	<path>C:\Users\BLACKSEA\Desktop\image\airplane\ucak_109.jpg</path>
	<source>
		<database>Unknown</database>
	</source>
	<size>
		<width>700</width>
		<height>453</height>
		<depth>3</depth>
	</size>
	<segmented>0</segmented>
	<object>
		<name>ucak</name>
		<pose>Unspecified</pose>
		<truncated>0</truncated>
		<difficult>0</difficult>
		<bndbox>
			<xmin>280</xmin>
			<ymin>228</ymin>
			<xmax>315</xmax>
			<ymax>256</ymax>
		</bndbox>
	</object>
</annotation>
