<annotation>
	<folder>airplane</folder>
	<filename>ucak_047.jpg</filename>
	<path>C:\Users\BLACKSEA\Desktop\image\airplane\ucak_047.jpg</path>
	<source>
		<database>Unknown</database>
	</source>
	<size>
		<width>1152</width>
		<height>864</height>
		<depth>3</depth>
	</size>
	<segmented>0</segmented>
	<object>
		<name>ucak</name>
		<pose>Unspecified</pose>
		<truncated>1</truncated>
		<difficult>0</difficult>
		<bndbox>
			<xmin>107</xmin>
			<ymin>155</ymin>
			<xmax>1152</xmax>
			<ymax>696</ymax>
		</bndbox>
	</object>
</annotation>
