<annotation>
	<folder>airplane</folder>
	<filename>ucak_087.jpg</filename>
	<path>C:\Users\BLACKSEA\Desktop\image\airplane\ucak_087.jpg</path>
	<source>
		<database>Unknown</database>
	</source>
	<size>
		<width>1000</width>
		<height>453</height>
		<depth>3</depth>
	</size>
	<segmented>0</segmented>
	<object>
		<name>ucak</name>
		<pose>Unspecified</pose>
		<truncated>0</truncated>
		<difficult>0</difficult>
		<bndbox>
			<xmin>262</xmin>
			<ymin>119</ymin>
			<xmax>426</xmax>
			<ymax>198</ymax>
		</bndbox>
	</object>
</annotation>
