<annotation>
	<folder>airplane</folder>
	<filename>ucak_034.jpg</filename>
	<path>C:\Users\BLACKSEA\Desktop\image\airplane\ucak_034.jpg</path>
	<source>
		<database>Unknown</database>
	</source>
	<size>
		<width>625</width>
		<height>392</height>
		<depth>3</depth>
	</size>
	<segmented>0</segmented>
	<object>
		<name>ucak</name>
		<pose>Unspecified</pose>
		<truncated>0</truncated>
		<difficult>0</difficult>
		<bndbox>
			<xmin>25</xmin>
			<ymin>41</ymin>
			<xmax>606</xmax>
			<ymax>364</ymax>
		</bndbox>
	</object>
</annotation>
