<annotation>
	<folder>airplane</folder>
	<filename>ucak_098.jpg</filename>
	<path>C:\Users\BLACKSEA\Desktop\image\airplane\ucak_098.jpg</path>
	<source>
		<database>Unknown</database>
	</source>
	<size>
		<width>640</width>
		<height>477</height>
		<depth>3</depth>
	</size>
	<segmented>0</segmented>
	<object>
		<name>ucak</name>
		<pose>Unspecified</pose>
		<truncated>0</truncated>
		<difficult>0</difficult>
		<bndbox>
			<xmin>107</xmin>
			<ymin>107</ymin>
			<xmax>561</xmax>
			<ymax>303</ymax>
		</bndbox>
	</object>
	<object>
		<name>ucak</name>
		<pose>Unspecified</pose>
		<truncated>0</truncated>
		<difficult>0</difficult>
		<bndbox>
			<xmin>265</xmin>
			<ymin>310</ymin>
			<xmax>329</xmax>
			<ymax>328</ymax>
		</bndbox>
	</object>
	<object>
		<name>ucak</name>
		<pose>Unspecified</pose>
		<truncated>0</truncated>
		<difficult>0</difficult>
		<bndbox>
			<xmin>276</xmin>
			<ymin>329</ymin>
			<xmax>316</xmax>
			<ymax>344</ymax>
		</bndbox>
	</object>
</annotation>
