<annotation>
	<folder>airplane</folder>
	<filename>ucak_119.jpg</filename>
	<path>C:\Users\BLACKSEA\Desktop\image\airplane\ucak_119.jpg</path>
	<source>
		<database>Unknown</database>
	</source>
	<size>
		<width>728</width>
		<height>535</height>
		<depth>3</depth>
	</size>
	<segmented>0</segmented>
	<object>
		<name>ucak</name>
		<pose>Unspecified</pose>
		<truncated>0</truncated>
		<difficult>0</difficult>
		<bndbox>
			<xmin>298</xmin>
			<ymin>380</ymin>
			<xmax>326</xmax>
			<ymax>396</ymax>
		</bndbox>
	</object>
</annotation>
