<annotation>
	<folder>airplane</folder>
	<filename>ucak_075.jpg</filename>
	<path>C:\Users\BLACKSEA\Desktop\image\airplane\ucak_075.jpg</path>
	<source>
		<database>Unknown</database>
	</source>
	<size>
		<width>660</width>
		<height>385</height>
		<depth>3</depth>
	</size>
	<segmented>0</segmented>
	<object>
		<name>ucak</name>
		<pose>Unspecified</pose>
		<truncated>0</truncated>
		<difficult>0</difficult>
		<bndbox>
			<xmin>248</xmin>
			<ymin>69</ymin>
			<xmax>439</xmax>
			<ymax>166</ymax>
		</bndbox>
	</object>
	<object>
		<name>ucak</name>
		<pose>Unspecified</pose>
		<truncated>0</truncated>
		<difficult>0</difficult>
		<bndbox>
			<xmin>166</xmin>
			<ymin>260</ymin>
			<xmax>337</xmax>
			<ymax>346</ymax>
		</bndbox>
	</object>
</annotation>
