<annotation>
	<folder>airplane</folder>
	<filename>ucak_051.jpg</filename>
	<path>C:\Users\BLACKSEA\Desktop\image\airplane\ucak_051.jpg</path>
	<source>
		<database>Unknown</database>
	</source>
	<size>
		<width>3900</width>
		<height>3375</height>
		<depth>3</depth>
	</size>
	<segmented>0</segmented>
	<object>
		<name>ucak</name>
		<pose>Unspecified</pose>
		<truncated>0</truncated>
		<difficult>0</difficult>
		<bndbox>
			<xmin>90</xmin>
			<ymin>505</ymin>
			<xmax>3651</xmax>
			<ymax>2865</ymax>
		</bndbox>
	</object>
</annotation>
