<annotation>
	<folder>airplane</folder>
	<filename>ucak_042.jpg</filename>
	<path>C:\Users\BLACKSEA\Desktop\image\airplane\ucak_042.jpg</path>
	<source>
		<database>Unknown</database>
	</source>
	<size>
		<width>531</width>
		<height>295</height>
		<depth>3</depth>
	</size>
	<segmented>0</segmented>
	<object>
		<name>ucak</name>
		<pose>Unspecified</pose>
		<truncated>0</truncated>
		<difficult>0</difficult>
		<bndbox>
			<xmin>46</xmin>
			<ymin>45</ymin>
			<xmax>505</xmax>
			<ymax>260</ymax>
		</bndbox>
	</object>
</annotation>
