<annotation>
	<folder>airplane</folder>
	<filename>ucak_022.jpg</filename>
	<path>C:\Users\BLACKSEA\Desktop\image\airplane\ucak_022.jpg</path>
	<source>
		<database>Unknown</database>
	</source>
	<size>
		<width>800</width>
		<height>500</height>
		<depth>3</depth>
	</size>
	<segmented>0</segmented>
	<object>
		<name>ucak</name>
		<pose>Unspecified</pose>
		<truncated>0</truncated>
		<difficult>0</difficult>
		<bndbox>
			<xmin>239</xmin>
			<ymin>111</ymin>
			<xmax>638</xmax>
			<ymax>447</ymax>
		</bndbox>
	</object>
</annotation>
