<annotation>
	<folder>image</folder>
	<filename>iha_046.jpg</filename>
	<path>C:\Users\BLACKSEA\Desktop\image\iha_046.jpg</path>
	<source>
		<database>Unknown</database>
	</source>
	<size>
		<width>555</width>
		<height>555</height>
		<depth>3</depth>
	</size>
	<segmented>0</segmented>
	<object>
		<name>iha</name>
		<pose>Unspecified</pose>
		<truncated>0</truncated>
		<difficult>0</difficult>
		<bndbox>
			<xmin>285</xmin>
			<ymin>85</ymin>
			<xmax>478</xmax>
			<ymax>212</ymax>
		</bndbox>
	</object>
</annotation>
