<annotation>
	<folder>image</folder>
	<filename>iha_019.jpg</filename>
	<path>C:\Users\BLACKSEA\Desktop\image\iha_019.jpg</path>
	<source>
		<database>Unknown</database>
	</source>
	<size>
		<width>1200</width>
		<height>798</height>
		<depth>3</depth>
	</size>
	<segmented>0</segmented>
	<object>
		<name>iha</name>
		<pose>Unspecified</pose>
		<truncated>0</truncated>
		<difficult>0</difficult>
		<bndbox>
			<xmin>213</xmin>
			<ymin>113</ymin>
			<xmax>1026</xmax>
			<ymax>709</ymax>
		</bndbox>
	</object>
</annotation>
