<annotation>
	<folder>image</folder>
	<filename>iha_033.jpg</filename>
	<path>C:\Users\BLACKSEA\Desktop\image\iha_033.jpg</path>
	<source>
		<database>Unknown</database>
	</source>
	<size>
		<width>640</width>
		<height>429</height>
		<depth>3</depth>
	</size>
	<segmented>0</segmented>
	<object>
		<name>iha</name>
		<pose>Unspecified</pose>
		<truncated>0</truncated>
		<difficult>0</difficult>
		<bndbox>
			<xmin>204</xmin>
			<ymin>61</ymin>
			<xmax>494</xmax>
			<ymax>373</ymax>
		</bndbox>
	</object>
</annotation>
