<annotation>
	<folder>image</folder>
	<filename>iha_035.jpg</filename>
	<path>C:\Users\BLACKSEA\Desktop\image\iha_035.jpg</path>
	<source>
		<database>Unknown</database>
	</source>
	<size>
		<width>640</width>
		<height>427</height>
		<depth>3</depth>
	</size>
	<segmented>0</segmented>
	<object>
		<name>iha</name>
		<pose>Unspecified</pose>
		<truncated>0</truncated>
		<difficult>0</difficult>
		<bndbox>
			<xmin>92</xmin>
			<ymin>165</ymin>
			<xmax>520</xmax>
			<ymax>249</ymax>
		</bndbox>
	</object>
</annotation>
