<annotation>
	<folder>image</folder>
	<filename>iha_008.jpg</filename>
	<path>C:\Users\BLACKSEA\Desktop\image\iha_008.jpg</path>
	<source>
		<database>Unknown</database>
	</source>
	<size>
		<width>642</width>
		<height>355</height>
		<depth>3</depth>
	</size>
	<segmented>0</segmented>
	<object>
		<name>iha</name>
		<pose>Unspecified</pose>
		<truncated>0</truncated>
		<difficult>0</difficult>
		<bndbox>
			<xmin>127</xmin>
			<ymin>61</ymin>
			<xmax>535</xmax>
			<ymax>235</ymax>
		</bndbox>
	</object>
</annotation>
