<annotation>
	<folder>image</folder>
	<filename>iha_056.jpg</filename>
	<path>C:\Users\BLACKSEA\Desktop\image\iha_056.jpg</path>
	<source>
		<database>Unknown</database>
	</source>
	<size>
		<width>1024</width>
		<height>678</height>
		<depth>3</depth>
	</size>
	<segmented>0</segmented>
	<object>
		<name>iha</name>
		<pose>Unspecified</pose>
		<truncated>0</truncated>
		<difficult>0</difficult>
		<bndbox>
			<xmin>302</xmin>
			<ymin>96</ymin>
			<xmax>983</xmax>
			<ymax>498</ymax>
		</bndbox>
	</object>
</annotation>
