<annotation>
	<folder>image</folder>
	<filename>iha_151.jpg</filename>
	<path>C:\Users\BLACKSEA\Desktop\image\iha_151.jpg</path>
	<source>
		<database>Unknown</database>
	</source>
	<size>
		<width>1024</width>
		<height>683</height>
		<depth>3</depth>
	</size>
	<segmented>0</segmented>
	<object>
		<name>iha</name>
		<pose>Unspecified</pose>
		<truncated>0</truncated>
		<difficult>0</difficult>
		<bndbox>
			<xmin>220</xmin>
			<ymin>64</ymin>
			<xmax>883</xmax>
			<ymax>573</ymax>
		</bndbox>
	</object>
</annotation>
