<annotation>
	<folder>image</folder>
	<filename>iha_043.jpg</filename>
	<path>C:\Users\BLACKSEA\Desktop\image\iha_043.jpg</path>
	<source>
		<database>Unknown</database>
	</source>
	<size>
		<width>1800</width>
		<height>960</height>
		<depth>3</depth>
	</size>
	<segmented>0</segmented>
	<object>
		<name>iha</name>
		<pose>Unspecified</pose>
		<truncated>0</truncated>
		<difficult>0</difficult>
		<bndbox>
			<xmin>33</xmin>
			<ymin>194</ymin>
			<xmax>1737</xmax>
			<ymax>851</ymax>
		</bndbox>
	</object>
</annotation>
