<annotation>
	<folder>image</folder>
	<filename>iha_034.jpg</filename>
	<path>C:\Users\BLACKSEA\Desktop\image\iha_034.jpg</path>
	<source>
		<database>Unknown</database>
	</source>
	<size>
		<width>2568</width>
		<height>1367</height>
		<depth>3</depth>
	</size>
	<segmented>0</segmented>
	<object>
		<name>iha</name>
		<pose>Unspecified</pose>
		<truncated>0</truncated>
		<difficult>0</difficult>
		<bndbox>
			<xmin>61</xmin>
			<ymin>344</ymin>
			<xmax>2560</xmax>
			<ymax>1075</ymax>
		</bndbox>
	</object>
</annotation>
