<annotation>
	<folder>image</folder>
	<filename>iha_012.Jpeg</filename>
	<path>C:\Users\BLACKSEA\Desktop\image\iha_012.Jpeg</path>
	<source>
		<database>Unknown</database>
	</source>
	<size>
		<width>606</width>
		<height>340</height>
		<depth>3</depth>
	</size>
	<segmented>0</segmented>
	<object>
		<name>iha</name>
		<pose>Unspecified</pose>
		<truncated>0</truncated>
		<difficult>0</difficult>
		<bndbox>
			<xmin>32</xmin>
			<ymin>9</ymin>
			<xmax>567</xmax>
			<ymax>234</ymax>
		</bndbox>
	</object>
</annotation>
