<annotation>
	<folder>image</folder>
	<filename>iha_002.jpg</filename>
	<path>C:\Users\BLACKSEA\Desktop\image\iha_002.jpg</path>
	<source>
		<database>Unknown</database>
	</source>
	<size>
		<width>640</width>
		<height>359</height>
		<depth>3</depth>
	</size>
	<segmented>0</segmented>
	<object>
		<name>iha</name>
		<pose>Unspecified</pose>
		<truncated>0</truncated>
		<difficult>0</difficult>
		<bndbox>
			<xmin>114</xmin>
			<ymin>2</ymin>
			<xmax>611</xmax>
			<ymax>303</ymax>
		</bndbox>
	</object>
</annotation>
