<annotation>
	<folder>image</folder>
	<filename>iha_036.JPG</filename>
	<path>C:\Users\BLACKSEA\Desktop\image\iha_036.JPG</path>
	<source>
		<database>Unknown</database>
	</source>
	<size>
		<width>1383</width>
		<height>780</height>
		<depth>3</depth>
	</size>
	<segmented>0</segmented>
	<object>
		<name>iha</name>
		<pose>Unspecified</pose>
		<truncated>0</truncated>
		<difficult>0</difficult>
		<bndbox>
			<xmin>42</xmin>
			<ymin>141</ymin>
			<xmax>1288</xmax>
			<ymax>659</ymax>
		</bndbox>
	</object>
</annotation>
