<annotation>
	<folder>image</folder>
	<filename>iha_031.jpg</filename>
	<path>C:\Users\BLACKSEA\Desktop\image\iha_031.jpg</path>
	<source>
		<database>Unknown</database>
	</source>
	<size>
		<width>2200</width>
		<height>1080</height>
		<depth>3</depth>
	</size>
	<segmented>0</segmented>
	<object>
		<name>iha</name>
		<pose>Unspecified</pose>
		<truncated>0</truncated>
		<difficult>0</difficult>
		<bndbox>
			<xmin>35</xmin>
			<ymin>352</ymin>
			<xmax>2199</xmax>
			<ymax>830</ymax>
		</bndbox>
	</object>
</annotation>
