<annotation>
	<folder>image</folder>
	<filename>iha_040.jpg</filename>
	<path>C:\Users\BLACKSEA\Desktop\image\iha_040.jpg</path>
	<source>
		<database>Unknown</database>
	</source>
	<size>
		<width>600</width>
		<height>485</height>
		<depth>3</depth>
	</size>
	<segmented>0</segmented>
	<object>
		<name>iha</name>
		<pose>Unspecified</pose>
		<truncated>0</truncated>
		<difficult>0</difficult>
		<bndbox>
			<xmin>44</xmin>
			<ymin>181</ymin>
			<xmax>544</xmax>
			<ymax>345</ymax>
		</bndbox>
	</object>
</annotation>
