<annotation>
	<folder>image</folder>
	<filename>iha_138.jpg</filename>
	<path>C:\Users\BLACKSEA\Desktop\image\iha_138.jpg</path>
	<source>
		<database>Unknown</database>
	</source>
	<size>
		<width>683</width>
		<height>1024</height>
		<depth>3</depth>
	</size>
	<segmented>0</segmented>
	<object>
		<name>iha</name>
		<pose>Unspecified</pose>
		<truncated>0</truncated>
		<difficult>0</difficult>
		<bndbox>
			<xmin>260</xmin>
			<ymin>316</ymin>
			<xmax>448</xmax>
			<ymax>450</ymax>
		</bndbox>
	</object>
</annotation>
