<annotation>
	<folder>image</folder>
	<filename>iha_145.jpg</filename>
	<path>C:\Users\BLACKSEA\Desktop\image\iha_145.jpg</path>
	<source>
		<database>Unknown</database>
	</source>
	<size>
		<width>819</width>
		<height>1024</height>
		<depth>3</depth>
	</size>
	<segmented>0</segmented>
	<object>
		<name>iha</name>
		<pose>Unspecified</pose>
		<truncated>0</truncated>
		<difficult>0</difficult>
		<bndbox>
			<xmin>325</xmin>
			<ymin>107</ymin>
			<xmax>527</xmax>
			<ymax>222</ymax>
		</bndbox>
	</object>
</annotation>
