<annotation>
	<folder>birds</folder>
	<filename>kus_069.jpg</filename>
	<path>C:\Users\BLACKSEA\Desktop\image\birds\kus_069.jpg</path>
	<source>
		<database>Unknown</database>
	</source>
	<size>
		<width>1200</width>
		<height>701</height>
		<depth>3</depth>
	</size>
	<segmented>0</segmented>
	<object>
		<name>kus</name>
		<pose>Unspecified</pose>
		<truncated>0</truncated>
		<difficult>0</difficult>
		<bndbox>
			<xmin>332</xmin>
			<ymin>196</ymin>
			<xmax>641</xmax>
			<ymax>546</ymax>
		</bndbox>
	</object>
</annotation>
