<annotation>
	<folder>birds</folder>
	<filename>kus_056.jpg</filename>
	<path>C:\Users\BLACKSEA\Desktop\image\birds\kus_056.jpg</path>
	<source>
		<database>Unknown</database>
	</source>
	<size>
		<width>1300</width>
		<height>951</height>
		<depth>1</depth>
	</size>
	<segmented>0</segmented>
	<object>
		<name>kus</name>
		<pose>Unspecified</pose>
		<truncated>0</truncated>
		<difficult>0</difficult>
		<bndbox>
			<xmin>66</xmin>
			<ymin>243</ymin>
			<xmax>1261</xmax>
			<ymax>726</ymax>
		</bndbox>
	</object>
</annotation>
