<annotation>
	<folder>birds</folder>
	<filename>kus_090.jpg</filename>
	<path>C:\Users\BLACKSEA\Desktop\image\birds\kus_090.jpg</path>
	<source>
		<database>Unknown</database>
	</source>
	<size>
		<width>1024</width>
		<height>820</height>
		<depth>3</depth>
	</size>
	<segmented>0</segmented>
	<object>
		<name>kus</name>
		<pose>Unspecified</pose>
		<truncated>0</truncated>
		<difficult>0</difficult>
		<bndbox>
			<xmin>81</xmin>
			<ymin>40</ymin>
			<xmax>1022</xmax>
			<ymax>807</ymax>
		</bndbox>
	</object>
</annotation>
