<annotation>
	<folder>birds</folder>
	<filename>kus_024.jpg</filename>
	<path>C:\Users\BLACKSEA\Desktop\image\birds\kus_024.jpg</path>
	<source>
		<database>Unknown</database>
	</source>
	<size>
		<width>200</width>
		<height>200</height>
		<depth>3</depth>
	</size>
	<segmented>0</segmented>
	<object>
		<name>kus</name>
		<pose>Unspecified</pose>
		<truncated>0</truncated>
		<difficult>0</difficult>
		<bndbox>
			<xmin>143</xmin>
			<ymin>116</ymin>
			<xmax>163</xmax>
			<ymax>131</ymax>
		</bndbox>
	</object>
</annotation>
