<annotation>
	<folder>birds</folder>
	<filename>kus_049.jpg</filename>
	<path>C:\Users\BLACKSEA\Desktop\image\birds\kus_049.jpg</path>
	<source>
		<database>Unknown</database>
	</source>
	<size>
		<width>570</width>
		<height>527</height>
		<depth>1</depth>
	</size>
	<segmented>0</segmented>
	<object>
		<name>kus</name>
		<pose>Unspecified</pose>
		<truncated>0</truncated>
		<difficult>0</difficult>
		<bndbox>
			<xmin>146</xmin>
			<ymin>145</ymin>
			<xmax>437</xmax>
			<ymax>382</ymax>
		</bndbox>
	</object>
</annotation>
