<annotation>
	<folder>birds</folder>
	<filename>kus_038.jpg</filename>
	<path>C:\Users\BLACKSEA\Desktop\image\birds\kus_038.jpg</path>
	<source>
		<database>Unknown</database>
	</source>
	<size>
		<width>571</width>
		<height>368</height>
		<depth>1</depth>
	</size>
	<segmented>0</segmented>
	<object>
		<name>kus</name>
		<pose>Unspecified</pose>
		<truncated>0</truncated>
		<difficult>0</difficult>
		<bndbox>
			<xmin>13</xmin>
			<ymin>22</ymin>
			<xmax>167</xmax>
			<ymax>87</ymax>
		</bndbox>
	</object>
	<object>
		<name>kus</name>
		<pose>Unspecified</pose>
		<truncated>1</truncated>
		<difficult>0</difficult>
		<bndbox>
			<xmin>440</xmin>
			<ymin>295</ymin>
			<xmax>571</xmax>
			<ymax>367</ymax>
		</bndbox>
	</object>
	<object>
		<name>kus</name>
		<pose>Unspecified</pose>
		<truncated>0</truncated>
		<difficult>0</difficult>
		<bndbox>
			<xmin>337</xmin>
			<ymin>89</ymin>
			<xmax>443</xmax>
			<ymax>182</ymax>
		</bndbox>
	</object>
	<object>
		<name>kus</name>
		<pose>Unspecified</pose>
		<truncated>0</truncated>
		<difficult>0</difficult>
		<bndbox>
			<xmin>319</xmin>
			<ymin>20</ymin>
			<xmax>430</xmax>
			<ymax>92</ymax>
		</bndbox>
	</object>
	<object>
		<name>kus</name>
		<pose>Unspecified</pose>
		<truncated>0</truncated>
		<difficult>0</difficult>
		<bndbox>
			<xmin>8</xmin>
			<ymin>186</ymin>
			<xmax>150</xmax>
			<ymax>261</ymax>
		</bndbox>
	</object>
	<object>
		<name>kus</name>
		<pose>Unspecified</pose>
		<truncated>0</truncated>
		<difficult>0</difficult>
		<bndbox>
			<xmin>175</xmin>
			<ymin>25</ymin>
			<xmax>293</xmax>
			<ymax>106</ymax>
		</bndbox>
	</object>
</annotation>
