<annotation>
	<folder>birds</folder>
	<filename>kus_094.jpg</filename>
	<path>C:\Users\BLACKSEA\Desktop\image\birds\kus_094.jpg</path>
	<source>
		<database>Unknown</database>
	</source>
	<size>
		<width>1200</width>
		<height>800</height>
		<depth>3</depth>
	</size>
	<segmented>0</segmented>
	<object>
		<name>kus</name>
		<pose>Unspecified</pose>
		<truncated>1</truncated>
		<difficult>0</difficult>
		<bndbox>
			<xmin>185</xmin>
			<ymin>138</ymin>
			<xmax>1200</xmax>
			<ymax>752</ymax>
		</bndbox>
	</object>
</annotation>
