<annotation>
	<folder>birds</folder>
	<filename>kus_021.jpg</filename>
	<path>C:\Users\BLACKSEA\Desktop\image\birds\kus_021.jpg</path>
	<source>
		<database>Unknown</database>
	</source>
	<size>
		<width>615</width>
		<height>407</height>
		<depth>3</depth>
	</size>
	<segmented>0</segmented>
	<object>
		<name>kus</name>
		<pose>Unspecified</pose>
		<truncated>0</truncated>
		<difficult>0</difficult>
		<bndbox>
			<xmin>301</xmin>
			<ymin>87</ymin>
			<xmax>440</xmax>
			<ymax>272</ymax>
		</bndbox>
	</object>
</annotation>
