<annotation>
	<folder>birds</folder>
	<filename>kus_072.jpg</filename>
	<path>C:\Users\BLACKSEA\Desktop\image\birds\kus_072.jpg</path>
	<source>
		<database>Unknown</database>
	</source>
	<size>
		<width>236</width>
		<height>318</height>
		<depth>3</depth>
	</size>
	<segmented>0</segmented>
	<object>
		<name>kus</name>
		<pose>Unspecified</pose>
		<truncated>0</truncated>
		<difficult>0</difficult>
		<bndbox>
			<xmin>11</xmin>
			<ymin>274</ymin>
			<xmax>38</xmax>
			<ymax>300</ymax>
		</bndbox>
	</object>
	<object>
		<name>kus</name>
		<pose>Unspecified</pose>
		<truncated>0</truncated>
		<difficult>0</difficult>
		<bndbox>
			<xmin>60</xmin>
			<ymin>189</ymin>
			<xmax>141</xmax>
			<ymax>228</ymax>
		</bndbox>
	</object>
	<object>
		<name>kus</name>
		<pose>Unspecified</pose>
		<truncated>0</truncated>
		<difficult>0</difficult>
		<bndbox>
			<xmin>113</xmin>
			<ymin>130</ymin>
			<xmax>189</xmax>
			<ymax>188</ymax>
		</bndbox>
	</object>
</annotation>
