<annotation>
	<folder>birds</folder>
	<filename>kus_057.jpg</filename>
	<path>C:\Users\BLACKSEA\Desktop\image\birds\kus_057.jpg</path>
	<source>
		<database>Unknown</database>
	</source>
	<size>
		<width>800</width>
		<height>800</height>
		<depth>3</depth>
	</size>
	<segmented>0</segmented>
	<object>
		<name>kus</name>
		<pose>Unspecified</pose>
		<truncated>0</truncated>
		<difficult>0</difficult>
		<bndbox>
			<xmin>292</xmin>
			<ymin>12</ymin>
			<xmax>506</xmax>
			<ymax>274</ymax>
		</bndbox>
	</object>
	<object>
		<name>kus</name>
		<pose>Unspecified</pose>
		<truncated>0</truncated>
		<difficult>0</difficult>
		<bndbox>
			<xmin>520</xmin>
			<ymin>49</ymin>
			<xmax>752</xmax>
			<ymax>290</ymax>
		</bndbox>
	</object>
	<object>
		<name>kus</name>
		<pose>Unspecified</pose>
		<truncated>0</truncated>
		<difficult>0</difficult>
		<bndbox>
			<xmin>164</xmin>
			<ymin>259</ymin>
			<xmax>392</xmax>
			<ymax>519</ymax>
		</bndbox>
	</object>
</annotation>
