<annotation>
	<folder>birds</folder>
	<filename>kus_001.jpg</filename>
	<path>C:\Users\BLACKSEA\Desktop\image\birds\kus_001.jpg</path>
	<source>
		<database>Unknown</database>
	</source>
	<size>
		<width>2272</width>
		<height>1704</height>
		<depth>3</depth>
	</size>
	<segmented>0</segmented>
	<object>
		<name>kus</name>
		<pose>Unspecified</pose>
		<truncated>0</truncated>
		<difficult>0</difficult>
		<bndbox>
			<xmin>132</xmin>
			<ymin>1128</ymin>
			<xmax>325</xmax>
			<ymax>1285</ymax>
		</bndbox>
	</object>
	<object>
		<name>kus</name>
		<pose>Unspecified</pose>
		<truncated>0</truncated>
		<difficult>0</difficult>
		<bndbox>
			<xmin>486</xmin>
			<ymin>1079</ymin>
			<xmax>708</xmax>
			<ymax>1266</ymax>
		</bndbox>
	</object>
	<object>
		<name>kus</name>
		<pose>Unspecified</pose>
		<truncated>0</truncated>
		<difficult>0</difficult>
		<bndbox>
			<xmin>990</xmin>
			<ymin>974</ymin>
			<xmax>1119</xmax>
			<ymax>1059</ymax>
		</bndbox>
	</object>
	<object>
		<name>kus</name>
		<pose>Unspecified</pose>
		<truncated>0</truncated>
		<difficult>0</difficult>
		<bndbox>
			<xmin>966</xmin>
			<ymin>1081</ymin>
			<xmax>1134</xmax>
			<ymax>1223</ymax>
		</bndbox>
	</object>
	<object>
		<name>kus</name>
		<pose>Unspecified</pose>
		<truncated>0</truncated>
		<difficult>0</difficult>
		<bndbox>
			<xmin>1496</xmin>
			<ymin>192</ymin>
			<xmax>1670</xmax>
			<ymax>319</ymax>
		</bndbox>
	</object>
	<object>
		<name>kus</name>
		<pose>Unspecified</pose>
		<truncated>0</truncated>
		<difficult>0</difficult>
		<bndbox>
			<xmin>1216</xmin>
			<ymin>806</ymin>
			<xmax>1354</xmax>
			<ymax>959</ymax>
		</bndbox>
	</object>
</annotation>
