<annotation>
	<folder>birds</folder>
	<filename>kus_073.jpg</filename>
	<path>C:\Users\BLACKSEA\Desktop\image\birds\kus_073.jpg</path>
	<source>
		<database>Unknown</database>
	</source>
	<size>
		<width>736</width>
		<height>572</height>
		<depth>3</depth>
	</size>
	<segmented>0</segmented>
	<object>
		<name>kus</name>
		<pose>Unspecified</pose>
		<truncated>0</truncated>
		<difficult>0</difficult>
		<bndbox>
			<xmin>221</xmin>
			<ymin>282</ymin>
			<xmax>322</xmax>
			<ymax>363</ymax>
		</bndbox>
	</object>
	<object>
		<name>kus</name>
		<pose>Unspecified</pose>
		<truncated>0</truncated>
		<difficult>0</difficult>
		<bndbox>
			<xmin>316</xmin>
			<ymin>234</ymin>
			<xmax>408</xmax>
			<ymax>315</ymax>
		</bndbox>
	</object>
	<object>
		<name>kus</name>
		<pose>Unspecified</pose>
		<truncated>0</truncated>
		<difficult>0</difficult>
		<bndbox>
			<xmin>399</xmin>
			<ymin>211</ymin>
			<xmax>525</xmax>
			<ymax>283</ymax>
		</bndbox>
	</object>
</annotation>
