<annotation>
	<folder>birds</folder>
	<filename>kus_007.jpg</filename>
	<path>C:\Users\BLACKSEA\Desktop\image\birds\kus_007.jpg</path>
	<source>
		<database>Unknown</database>
	</source>
	<size>
		<width>3506</width>
		<height>2338</height>
		<depth>3</depth>
	</size>
	<segmented>0</segmented>
	<object>
		<name>kus</name>
		<pose>Unspecified</pose>
		<truncated>0</truncated>
		<difficult>0</difficult>
		<bndbox>
			<xmin>516</xmin>
			<ymin>537</ymin>
			<xmax>903</xmax>
			<ymax>787</ymax>
		</bndbox>
	</object>
	<object>
		<name>kus</name>
		<pose>Unspecified</pose>
		<truncated>0</truncated>
		<difficult>0</difficult>
		<bndbox>
			<xmin>974</xmin>
			<ymin>610</ymin>
			<xmax>1377</xmax>
			<ymax>776</ymax>
		</bndbox>
	</object>
	<object>
		<name>kus</name>
		<pose>Unspecified</pose>
		<truncated>0</truncated>
		<difficult>0</difficult>
		<bndbox>
			<xmin>1482</xmin>
			<ymin>595</ymin>
			<xmax>1892</xmax>
			<ymax>792</ymax>
		</bndbox>
	</object>
	<object>
		<name>kus</name>
		<pose>Unspecified</pose>
		<truncated>0</truncated>
		<difficult>0</difficult>
		<bndbox>
			<xmin>1990</xmin>
			<ymin>508</ymin>
			<xmax>2377</xmax>
			<ymax>682</ymax>
		</bndbox>
	</object>
</annotation>
