<annotation>
	<folder>birds</folder>
	<filename>kus_004.jpg</filename>
	<path>C:\Users\BLACKSEA\Desktop\image\birds\kus_004.jpg</path>
	<source>
		<database>Unknown</database>
	</source>
	<size>
		<width>1300</width>
		<height>1300</height>
		<depth>3</depth>
	</size>
	<segmented>0</segmented>
	<object>
		<name>kus</name>
		<pose>Unspecified</pose>
		<truncated>0</truncated>
		<difficult>0</difficult>
		<bndbox>
			<xmin>379</xmin>
			<ymin>665</ymin>
			<xmax>580</xmax>
			<ymax>827</ymax>
		</bndbox>
	</object>
</annotation>
