<annotation>
	<folder>birds</folder>
	<filename>kus_088.jpg</filename>
	<path>C:\Users\BLACKSEA\Desktop\image\birds\kus_088.jpg</path>
	<source>
		<database>Unknown</database>
	</source>
	<size>
		<width>800</width>
		<height>536</height>
		<depth>3</depth>
	</size>
	<segmented>0</segmented>
	<object>
		<name>kus</name>
		<pose>Unspecified</pose>
		<truncated>0</truncated>
		<difficult>0</difficult>
		<bndbox>
			<xmin>130</xmin>
			<ymin>84</ymin>
			<xmax>759</xmax>
			<ymax>512</ymax>
		</bndbox>
	</object>
</annotation>
