<annotation>
	<folder>birds</folder>
	<filename>kus_052.jpg</filename>
	<path>C:\Users\BLACKSEA\Desktop\image\birds\kus_052.jpg</path>
	<source>
		<database>Unknown</database>
	</source>
	<size>
		<width>618</width>
		<height>824</height>
		<depth>3</depth>
	</size>
	<segmented>0</segmented>
	<object>
		<name>kus</name>
		<pose>Unspecified</pose>
		<truncated>0</truncated>
		<difficult>0</difficult>
		<bndbox>
			<xmin>17</xmin>
			<ymin>120</ymin>
			<xmax>598</xmax>
			<ymax>633</ymax>
		</bndbox>
	</object>
</annotation>
