<annotation>
	<folder>birds</folder>
	<filename>kus_041.jpg</filename>
	<path>C:\Users\BLACKSEA\Desktop\image\birds\kus_041.jpg</path>
	<source>
		<database>Unknown</database>
	</source>
	<size>
		<width>338</width>
		<height>338</height>
		<depth>1</depth>
	</size>
	<segmented>0</segmented>
	<object>
		<name>kus</name>
		<pose>Unspecified</pose>
		<truncated>0</truncated>
		<difficult>0</difficult>
		<bndbox>
			<xmin>218</xmin>
			<ymin>235</ymin>
			<xmax>328</xmax>
			<ymax>313</ymax>
		</bndbox>
	</object>
	<object>
		<name>kus</name>
		<pose>Unspecified</pose>
		<truncated>0</truncated>
		<difficult>0</difficult>
		<bndbox>
			<xmin>17</xmin>
			<ymin>223</ymin>
			<xmax>133</xmax>
			<ymax>318</ymax>
		</bndbox>
	</object>
</annotation>
