<annotation>
	<folder>birds</folder>
	<filename>kus_091.jpg</filename>
	<path>C:\Users\BLACKSEA\Desktop\image\birds\kus_091.jpg</path>
	<source>
		<database>Unknown</database>
	</source>
	<size>
		<width>1389</width>
		<height>1404</height>
		<depth>3</depth>
	</size>
	<segmented>0</segmented>
	<object>
		<name>kus</name>
		<pose>Unspecified</pose>
		<truncated>0</truncated>
		<difficult>0</difficult>
		<bndbox>
			<xmin>97</xmin>
			<ymin>324</ymin>
			<xmax>970</xmax>
			<ymax>1395</ymax>
		</bndbox>
	</object>
</annotation>
