<annotation>
	<folder>birds</folder>
	<filename>kus_005.jpg</filename>
	<path>C:\Users\BLACKSEA\Desktop\image\birds\kus_005.jpg</path>
	<source>
		<database>Unknown</database>
	</source>
	<size>
		<width>3008</width>
		<height>2000</height>
		<depth>3</depth>
	</size>
	<segmented>0</segmented>
	<object>
		<name>kus</name>
		<pose>Unspecified</pose>
		<truncated>0</truncated>
		<difficult>0</difficult>
		<bndbox>
			<xmin>410</xmin>
			<ymin>1515</ymin>
			<xmax>887</xmax>
			<ymax>1781</ymax>
		</bndbox>
	</object>
</annotation>
