<annotation>
	<folder>birds</folder>
	<filename>kus_076.jpg</filename>
	<path>C:\Users\BLACKSEA\Desktop\image\birds\kus_076.jpg</path>
	<source>
		<database>Unknown</database>
	</source>
	<size>
		<width>744</width>
		<height>1052</height>
		<depth>3</depth>
	</size>
	<segmented>0</segmented>
	<object>
		<name>kus</name>
		<pose>Unspecified</pose>
		<truncated>0</truncated>
		<difficult>0</difficult>
		<bndbox>
			<xmin>67</xmin>
			<ymin>201</ymin>
			<xmax>672</xmax>
			<ymax>749</ymax>
		</bndbox>
	</object>
</annotation>
