<annotation>
	<folder>birds</folder>
	<filename>kus_015.jpg</filename>
	<path>C:\Users\BLACKSEA\Desktop\image\birds\kus_015.jpg</path>
	<source>
		<database>Unknown</database>
	</source>
	<size>
		<width>2500</width>
		<height>1667</height>
		<depth>3</depth>
	</size>
	<segmented>0</segmented>
	<object>
		<name>kus</name>
		<pose>Unspecified</pose>
		<truncated>0</truncated>
		<difficult>0</difficult>
		<bndbox>
			<xmin>497</xmin>
			<ymin>369</ymin>
			<xmax>1915</xmax>
			<ymax>1575</ymax>
		</bndbox>
	</object>
</annotation>
