<annotation>
	<folder>birds</folder>
	<filename>kus_031.jpg</filename>
	<path>C:\Users\BLACKSEA\Desktop\image\birds\kus_031.jpg</path>
	<source>
		<database>Unknown</database>
	</source>
	<size>
		<width>633</width>
		<height>440</height>
		<depth>3</depth>
	</size>
	<segmented>0</segmented>
	<object>
		<name>kus</name>
		<pose>Unspecified</pose>
		<truncated>0</truncated>
		<difficult>0</difficult>
		<bndbox>
			<xmin>307</xmin>
			<ymin>37</ymin>
			<xmax>608</xmax>
			<ymax>260</ymax>
		</bndbox>
	</object>
	<object>
		<name>kus</name>
		<pose>Unspecified</pose>
		<truncated>0</truncated>
		<difficult>0</difficult>
		<bndbox>
			<xmin>56</xmin>
			<ymin>117</ymin>
			<xmax>287</xmax>
			<ymax>373</ymax>
		</bndbox>
	</object>
</annotation>
