<annotation>
	<folder>birds</folder>
	<filename>kus_099.jpg</filename>
	<path>C:\Users\BLACKSEA\Desktop\image\birds\kus_099.jpg</path>
	<source>
		<database>Unknown</database>
	</source>
	<size>
		<width>825</width>
		<height>600</height>
		<depth>3</depth>
	</size>
	<segmented>0</segmented>
	<object>
		<name>kus</name>
		<pose>Unspecified</pose>
		<truncated>0</truncated>
		<difficult>0</difficult>
		<bndbox>
			<xmin>208</xmin>
			<ymin>46</ymin>
			<xmax>584</xmax>
			<ymax>507</ymax>
		</bndbox>
	</object>
</annotation>
