<annotation>
	<folder>birds</folder>
	<filename>kus_097.jpg</filename>
	<path>C:\Users\BLACKSEA\Desktop\image\birds\kus_097.jpg</path>
	<source>
		<database>Unknown</database>
	</source>
	<size>
		<width>1024</width>
		<height>683</height>
		<depth>3</depth>
	</size>
	<segmented>0</segmented>
	<object>
		<name>kus</name>
		<pose>Unspecified</pose>
		<truncated>0</truncated>
		<difficult>0</difficult>
		<bndbox>
			<xmin>142</xmin>
			<ymin>8</ymin>
			<xmax>704</xmax>
			<ymax>679</ymax>
		</bndbox>
	</object>
</annotation>
