<annotation>
	<folder>birds</folder>
	<filename>kus_019.jpg</filename>
	<path>C:\Users\BLACKSEA\Desktop\image\birds\kus_019.jpg</path>
	<source>
		<database>Unknown</database>
	</source>
	<size>
		<width>960</width>
		<height>640</height>
		<depth>3</depth>
	</size>
	<segmented>0</segmented>
	<object>
		<name>kus</name>
		<pose>Unspecified</pose>
		<truncated>0</truncated>
		<difficult>0</difficult>
		<bndbox>
			<xmin>482</xmin>
			<ymin>84</ymin>
			<xmax>736</xmax>
			<ymax>406</ymax>
		</bndbox>
	</object>
</annotation>
