<annotation>
	<folder>airplane</folder>
	<filename>ucak_0100.jpeg</filename>
	<path>C:\Users\BLACKSEA\Desktop\image\airplane\ucak_0100.jpeg</path>
	<source>
		<database>Unknown</database>
	</source>
	<size>
		<width>1280</width>
		<height>720</height>
		<depth>3</depth>
	</size>
	<segmented>0</segmented>
	<object>
		<name>ucak</name>
		<pose>Unspecified</pose>
		<truncated>0</truncated>
		<difficult>0</difficult>
		<bndbox>
			<xmin>220</xmin>
			<ymin>156</ymin>
			<xmax>1061</xmax>
			<ymax>380</ymax>
		</bndbox>
	</object>
</annotation>
