<annotation>
	<folder>airplane</folder>
	<filename>ucak_086.jpg</filename>
	<path>C:\Users\BLACKSEA\Desktop\image\airplane\ucak_086.jpg</path>
	<source>
		<database>Unknown</database>
	</source>
	<size>
		<width>1665</width>
		<height>1080</height>
		<depth>3</depth>
	</size>
	<segmented>0</segmented>
	<object>
		<name>ucak</name>
		<pose>Unspecified</pose>
		<truncated>0</truncated>
		<difficult>0</difficult>
		<bndbox>
			<xmin>192</xmin>
			<ymin>311</ymin>
			<xmax>1512</xmax>
			<ymax>930</ymax>
		</bndbox>
	</object>
</annotation>
