<annotation>
	<folder>airplane</folder>
	<filename>ucak_046.jpg</filename>
	<path>C:\Users\BLACKSEA\Desktop\image\airplane\ucak_046.jpg</path>
	<source>
		<database>Unknown</database>
	</source>
	<size>
		<width>3842</width>
		<height>2655</height>
		<depth>3</depth>
	</size>
	<segmented>0</segmented>
	<object>
		<name>ucak</name>
		<pose>Unspecified</pose>
		<truncated>0</truncated>
		<difficult>0</difficult>
		<bndbox>
			<xmin>193</xmin>
			<ymin>210</ymin>
			<xmax>3733</xmax>
			<ymax>2399</ymax>
		</bndbox>
	</object>
</annotation>
