<annotation>
	<folder>airplane</folder>
	<filename>ucak_116.jpg</filename>
	<path>C:\Users\BLACKSEA\Desktop\image\airplane\ucak_116.jpg</path>
	<source>
		<database>Unknown</database>
	</source>
	<size>
		<width>600</width>
		<height>399</height>
		<depth>3</depth>
	</size>
	<segmented>0</segmented>
	<object>
		<name>ucak</name>
		<pose>Unspecified</pose>
		<truncated>0</truncated>
		<difficult>0</difficult>
		<bndbox>
			<xmin>309</xmin>
			<ymin>260</ymin>
			<xmax>408</xmax>
			<ymax>346</ymax>
		</bndbox>
	</object>
</annotation>
