<annotation>
	<folder>airplane</folder>
	<filename>ucak_026.jpg</filename>
	<path>C:\Users\BLACKSEA\Desktop\image\airplane\ucak_026.jpg</path>
	<source>
		<database>Unknown</database>
	</source>
	<size>
		<width>872</width>
		<height>491</height>
		<depth>3</depth>
	</size>
	<segmented>0</segmented>
	<object>
		<name>ucak</name>
		<pose>Unspecified</pose>
		<truncated>0</truncated>
		<difficult>0</difficult>
		<bndbox>
			<xmin>18</xmin>
			<ymin>85</ymin>
			<xmax>800</xmax>
			<ymax>354</ymax>
		</bndbox>
	</object>
</annotation>
