<annotation>
	<folder>airplane</folder>
	<filename>ucak_097.jpg</filename>
	<path>C:\Users\BLACKSEA\Desktop\image\airplane\ucak_097.jpg</path>
	<source>
		<database>Unknown</database>
	</source>
	<size>
		<width>1200</width>
		<height>800</height>
		<depth>3</depth>
	</size>
	<segmented>0</segmented>
	<object>
		<name>ucak</name>
		<pose>Unspecified</pose>
		<truncated>0</truncated>
		<difficult>0</difficult>
		<bndbox>
			<xmin>259</xmin>
			<ymin>149</ymin>
			<xmax>683</xmax>
			<ymax>561</ymax>
		</bndbox>
	</object>
</annotation>
