<annotation>
	<folder>airplane</folder>
	<filename>ucak_083.jpg</filename>
	<path>C:\Users\BLACKSEA\Desktop\image\airplane\ucak_083.jpg</path>
	<source>
		<database>Unknown</database>
	</source>
	<size>
		<width>650</width>
		<height>365</height>
		<depth>3</depth>
	</size>
	<segmented>0</segmented>
	<object>
		<name>ucak</name>
		<pose>Unspecified</pose>
		<truncated>0</truncated>
		<difficult>0</difficult>
		<bndbox>
			<xmin>79</xmin>
			<ymin>93</ymin>
			<xmax>489</xmax>
			<ymax>272</ymax>
		</bndbox>
	</object>
</annotation>
