<annotation>
	<folder>airplane</folder>
	<filename>ucak_063.jpg</filename>
	<path>C:\Users\BLACKSEA\Desktop\image\airplane\ucak_063.jpg</path>
	<source>
		<database>Unknown</database>
	</source>
	<size>
		<width>1168</width>
		<height>774</height>
		<depth>3</depth>
	</size>
	<segmented>0</segmented>
	<object>
		<name>ucak</name>
		<pose>Unspecified</pose>
		<truncated>0</truncated>
		<difficult>0</difficult>
		<bndbox>
			<xmin>29</xmin>
			<ymin>153</ymin>
			<xmax>1153</xmax>
			<ymax>621</ymax>
		</bndbox>
	</object>
</annotation>
