<annotation>
	<folder>airplane</folder>
	<filename>ucak_039.jpg</filename>
	<path>C:\Users\BLACKSEA\Desktop\image\airplane\ucak_039.jpg</path>
	<source>
		<database>Unknown</database>
	</source>
	<size>
		<width>3184</width>
		<height>1617</height>
		<depth>3</depth>
	</size>
	<segmented>0</segmented>
	<object>
		<name>ucak</name>
		<pose>Unspecified</pose>
		<truncated>0</truncated>
		<difficult>0</difficult>
		<bndbox>
			<xmin>95</xmin>
			<ymin>225</ymin>
			<xmax>3095</xmax>
			<ymax>1122</ymax>
		</bndbox>
	</object>
</annotation>
