<annotation>
	<folder>airplane</folder>
	<filename>ucak_020.jpg</filename>
	<path>C:\Users\BLACKSEA\Desktop\image\airplane\ucak_020.jpg</path>
	<source>
		<database>Unknown</database>
	</source>
	<size>
		<width>500</width>
		<height>333</height>
		<depth>3</depth>
	</size>
	<segmented>0</segmented>
	<object>
		<name>ucak</name>
		<pose>Unspecified</pose>
		<truncated>0</truncated>
		<difficult>0</difficult>
		<bndbox>
			<xmin>21</xmin>
			<ymin>87</ymin>
			<xmax>476</xmax>
			<ymax>222</ymax>
		</bndbox>
	</object>
</annotation>
