<annotation>
	<folder>airplane</folder>
	<filename>ucak_066.jpg</filename>
	<path>C:\Users\BLACKSEA\Desktop\image\airplane\ucak_066.jpg</path>
	<source>
		<database>Unknown</database>
	</source>
	<size>
		<width>962</width>
		<height>483</height>
		<depth>3</depth>
	</size>
	<segmented>0</segmented>
	<object>
		<name>ucak</name>
		<pose>Unspecified</pose>
		<truncated>0</truncated>
		<difficult>0</difficult>
		<bndbox>
			<xmin>30</xmin>
			<ymin>104</ymin>
			<xmax>954</xmax>
			<ymax>424</ymax>
		</bndbox>
	</object>
</annotation>
