<annotation>
	<folder>airplane</folder>
	<filename>ucak_053.jpg</filename>
	<path>C:\Users\BLACKSEA\Desktop\image\airplane\ucak_053.jpg</path>
	<source>
		<database>Unknown</database>
	</source>
	<size>
		<width>970</width>
		<height>626</height>
		<depth>3</depth>
	</size>
	<segmented>0</segmented>
	<object>
		<name>ucak</name>
		<pose>Unspecified</pose>
		<truncated>0</truncated>
		<difficult>0</difficult>
		<bndbox>
			<xmin>17</xmin>
			<ymin>112</ymin>
			<xmax>768</xmax>
			<ymax>383</ymax>
		</bndbox>
	</object>
	<object>
		<name>ucak</name>
		<pose>Unspecified</pose>
		<truncated>0</truncated>
		<difficult>0</difficult>
		<bndbox>
			<xmin>395</xmin>
			<ymin>365</ymin>
			<xmax>929</xmax>
			<ymax>567</ymax>
		</bndbox>
	</object>
</annotation>
