<annotation>
	<folder>airplane</folder>
	<filename>ucak_049.jpg</filename>
	<path>C:\Users\BLACKSEA\Desktop\image\airplane\ucak_049.jpg</path>
	<source>
		<database>Unknown</database>
	</source>
	<size>
		<width>1260</width>
		<height>1090</height>
		<depth>3</depth>
	</size>
	<segmented>0</segmented>
	<object>
		<name>ucak</name>
		<pose>Unspecified</pose>
		<truncated>0</truncated>
		<difficult>0</difficult>
		<bndbox>
			<xmin>8</xmin>
			<ymin>103</ymin>
			<xmax>1236</xmax>
			<ymax>958</ymax>
		</bndbox>
	</object>
</annotation>
