<annotation>
	<folder>airplane</folder>
	<filename>ucak_007.jpg</filename>
	<path>C:\Users\BLACKSEA\Desktop\image\airplane\ucak_007.jpg</path>
	<source>
		<database>Unknown</database>
	</source>
	<size>
		<width>1600</width>
		<height>1066</height>
		<depth>3</depth>
	</size>
	<segmented>0</segmented>
	<object>
		<name>ucak</name>
		<pose>Unspecified</pose>
		<truncated>0</truncated>
		<difficult>0</difficult>
		<bndbox>
			<xmin>57</xmin>
			<ymin>177</ymin>
			<xmax>1507</xmax>
			<ymax>900</ymax>
		</bndbox>
	</object>
</annotation>
