<annotation>
	<folder>airplane</folder>
	<filename>ucak_052.jpg</filename>
	<path>C:\Users\BLACKSEA\Desktop\image\airplane\ucak_052.jpg</path>
	<source>
		<database>Unknown</database>
	</source>
	<size>
		<width>750</width>
		<height>422</height>
		<depth>3</depth>
	</size>
	<segmented>0</segmented>
	<object>
		<name>ucak</name>
		<pose>Unspecified</pose>
		<truncated>0</truncated>
		<difficult>0</difficult>
		<bndbox>
			<xmin>56</xmin>
			<ymin>267</ymin>
			<xmax>350</xmax>
			<ymax>395</ymax>
		</bndbox>
	</object>
	<object>
		<name>ucak</name>
		<pose>Unspecified</pose>
		<truncated>0</truncated>
		<difficult>0</difficult>
		<bndbox>
			<xmin>132</xmin>
			<ymin>189</ymin>
			<xmax>356</xmax>
			<ymax>268</ymax>
		</bndbox>
	</object>
	<object>
		<name>ucak</name>
		<pose>Unspecified</pose>
		<truncated>0</truncated>
		<difficult>0</difficult>
		<bndbox>
			<xmin>171</xmin>
			<ymin>137</ymin>
			<xmax>353</xmax>
			<ymax>197</ymax>
		</bndbox>
	</object>
	<object>
		<name>ucak</name>
		<pose>Unspecified</pose>
		<truncated>0</truncated>
		<difficult>0</difficult>
		<bndbox>
			<xmin>204</xmin>
			<ymin>105</ymin>
			<xmax>351</xmax>
			<ymax>139</ymax>
		</bndbox>
	</object>
	<object>
		<name>ucak</name>
		<pose>Unspecified</pose>
		<truncated>0</truncated>
		<difficult>0</difficult>
		<bndbox>
			<xmin>226</xmin>
			<ymin>66</ymin>
			<xmax>355</xmax>
			<ymax>104</ymax>
		</bndbox>
	</object>
	<object>
		<name>ucak</name>
		<pose>Unspecified</pose>
		<truncated>0</truncated>
		<difficult>0</difficult>
		<bndbox>
			<xmin>256</xmin>
			<ymin>41</ymin>
			<xmax>346</xmax>
			<ymax>63</ymax>
		</bndbox>
	</object>
	<object>
		<name>ucak</name>
		<pose>Unspecified</pose>
		<truncated>0</truncated>
		<difficult>0</difficult>
		<bndbox>
			<xmin>266</xmin>
			<ymin>22</ymin>
			<xmax>350</xmax>
			<ymax>42</ymax>
		</bndbox>
	</object>
	<object>
		<name>ucak</name>
		<pose>Unspecified</pose>
		<truncated>0</truncated>
		<difficult>0</difficult>
		<bndbox>
			<xmin>281</xmin>
			<ymin>5</ymin>
			<xmax>354</xmax>
			<ymax>25</ymax>
		</bndbox>
	</object>
	<object>
		<name>ucak</name>
		<pose>Unspecified</pose>
		<truncated>0</truncated>
		<difficult>0</difficult>
		<bndbox>
			<xmin>390</xmin>
			<ymin>253</ymin>
			<xmax>657</xmax>
			<ymax>360</ymax>
		</bndbox>
	</object>
	<object>
		<name>ucak</name>
		<pose>Unspecified</pose>
		<truncated>0</truncated>
		<difficult>0</difficult>
		<bndbox>
			<xmin>381</xmin>
			<ymin>179</ymin>
			<xmax>589</xmax>
			<ymax>255</ymax>
		</bndbox>
	</object>
	<object>
		<name>ucak</name>
		<pose>Unspecified</pose>
		<truncated>0</truncated>
		<difficult>0</difficult>
		<bndbox>
			<xmin>504</xmin>
			<ymin>73</ymin>
			<xmax>633</xmax>
			<ymax>105</ymax>
		</bndbox>
	</object>
	<object>
		<name>ucak</name>
		<pose>Unspecified</pose>
		<truncated>0</truncated>
		<difficult>0</difficult>
		<bndbox>
			<xmin>519</xmin>
			<ymin>108</ymin>
			<xmax>679</xmax>
			<ymax>143</ymax>
		</bndbox>
	</object>
</annotation>
