<annotation>
	<folder>airplane</folder>
	<filename>ucak_057.jpg</filename>
	<path>C:\Users\BLACKSEA\Desktop\image\airplane\ucak_057.jpg</path>
	<source>
		<database>Unknown</database>
	</source>
	<size>
		<width>640</width>
		<height>360</height>
		<depth>3</depth>
	</size>
	<segmented>0</segmented>
	<object>
		<name>ucak</name>
		<pose>Unspecified</pose>
		<truncated>0</truncated>
		<difficult>0</difficult>
		<bndbox>
			<xmin>41</xmin>
			<ymin>94</ymin>
			<xmax>189</xmax>
			<ymax>133</ymax>
		</bndbox>
	</object>
	<object>
		<name>ucak</name>
		<pose>Unspecified</pose>
		<truncated>0</truncated>
		<difficult>0</difficult>
		<bndbox>
			<xmin>217</xmin>
			<ymin>75</ymin>
			<xmax>611</xmax>
			<ymax>190</ymax>
		</bndbox>
	</object>
</annotation>
