<annotation>
	<folder>airplane</folder>
	<filename>ucak_033.jpg</filename>
	<path>C:\Users\BLACKSEA\Desktop\image\airplane\ucak_033.jpg</path>
	<source>
		<database>Unknown</database>
	</source>
	<size>
		<width>735</width>
		<height>490</height>
		<depth>3</depth>
	</size>
	<segmented>0</segmented>
	<object>
		<name>ucak</name>
		<pose>Unspecified</pose>
		<truncated>0</truncated>
		<difficult>0</difficult>
		<bndbox>
			<xmin>81</xmin>
			<ymin>45</ymin>
			<xmax>697</xmax>
			<ymax>467</ymax>
		</bndbox>
	</object>
</annotation>
