<annotation>
	<folder>airplane</folder>
	<filename>ucak_102.jpg</filename>
	<path>C:\Users\BLACKSEA\Desktop\image\airplane\ucak_102.jpg</path>
	<source>
		<database>Unknown</database>
	</source>
	<size>
		<width>660</width>
		<height>320</height>
		<depth>3</depth>
	</size>
	<segmented>0</segmented>
	<object>
		<name>ucak</name>
		<pose>Unspecified</pose>
		<truncated>0</truncated>
		<difficult>0</difficult>
		<bndbox>
			<xmin>374</xmin>
			<ymin>4</ymin>
			<xmax>603</xmax>
			<ymax>108</ymax>
		</bndbox>
	</object>
</annotation>
