<annotation>
	<folder>airplane</folder>
	<filename>ucak_035.jpg</filename>
	<path>C:\Users\BLACKSEA\Desktop\image\airplane\ucak_035.jpg</path>
	<source>
		<database>Unknown</database>
	</source>
	<size>
		<width>3000</width>
		<height>2000</height>
		<depth>3</depth>
	</size>
	<segmented>0</segmented>
	<object>
		<name>ucak</name>
		<pose>Unspecified</pose>
		<truncated>0</truncated>
		<difficult>0</difficult>
		<bndbox>
			<xmin>124</xmin>
			<ymin>580</ymin>
			<xmax>2877</xmax>
			<ymax>1404</ymax>
		</bndbox>
	</object>
</annotation>
