<annotation>
	<folder>airplane</folder>
	<filename>ucak_059.jpg</filename>
	<path>C:\Users\BLACKSEA\Desktop\image\airplane\ucak_059.jpg</path>
	<source>
		<database>Unknown</database>
	</source>
	<size>
		<width>480</width>
		<height>360</height>
		<depth>3</depth>
	</size>
	<segmented>0</segmented>
	<object>
		<name>ucak</name>
		<pose>Unspecified</pose>
		<truncated>0</truncated>
		<difficult>0</difficult>
		<bndbox>
			<xmin>7</xmin>
			<ymin>59</ymin>
			<xmax>467</xmax>
			<ymax>300</ymax>
		</bndbox>
	</object>
</annotation>
