<annotation>
	<folder>airplane</folder>
	<filename>ucak_003.JPG</filename>
	<path>C:\Users\BLACKSEA\Desktop\image\airplane\ucak_003.JPG</path>
	<source>
		<database>Unknown</database>
	</source>
	<size>
		<width>1348</width>
		<height>748</height>
		<depth>3</depth>
	</size>
	<segmented>0</segmented>
	<object>
		<name>ucak</name>
		<pose>Unspecified</pose>
		<truncated>0</truncated>
		<difficult>0</difficult>
		<bndbox>
			<xmin>168</xmin>
			<ymin>167</ymin>
			<xmax>1176</xmax>
			<ymax>583</ymax>
		</bndbox>
	</object>
</annotation>
