<annotation>
	<folder>airplane</folder>
	<filename>ucak_012.jpg</filename>
	<path>C:\Users\BLACKSEA\Desktop\image\airplane\ucak_012.jpg</path>
	<source>
		<database>Unknown</database>
	</source>
	<size>
		<width>164</width>
		<height>307</height>
		<depth>1</depth>
	</size>
	<segmented>0</segmented>
	<object>
		<name>ucak</name>
		<pose>Unspecified</pose>
		<truncated>1</truncated>
		<difficult>0</difficult>
		<bndbox>
			<xmin>1</xmin>
			<ymin>1</ymin>
			<xmax>163</xmax>
			<ymax>305</ymax>
		</bndbox>
	</object>
</annotation>
