<annotation>
	<folder>airplane</folder>
	<filename>ucak_068.jpg</filename>
	<path>C:\Users\BLACKSEA\Desktop\image\airplane\ucak_068.jpg</path>
	<source>
		<database>Unknown</database>
	</source>
	<size>
		<width>4896</width>
		<height>2752</height>
		<depth>3</depth>
	</size>
	<segmented>0</segmented>
	<object>
		<name>ucak</name>
		<pose>Unspecified</pose>
		<truncated>0</truncated>
		<difficult>0</difficult>
		<bndbox>
			<xmin>2047</xmin>
			<ymin>1057</ymin>
			<xmax>3951</xmax>
			<ymax>1850</ymax>
		</bndbox>
	</object>
</annotation>
