<annotation>
	<folder>airplane</folder>
	<filename>ucak_071.jpg</filename>
	<path>C:\Users\BLACKSEA\Desktop\image\airplane\ucak_071.jpg</path>
	<source>
		<database>Unknown</database>
	</source>
	<size>
		<width>620</width>
		<height>410</height>
		<depth>3</depth>
	</size>
	<segmented>0</segmented>
	<object>
		<name>ucak</name>
		<pose>Unspecified</pose>
		<truncated>0</truncated>
		<difficult>0</difficult>
		<bndbox>
			<xmin>242</xmin>
			<ymin>156</ymin>
			<xmax>475</xmax>
			<ymax>226</ymax>
		</bndbox>
	</object>
</annotation>
