<annotation>
	<folder>airplane</folder>
	<filename>ucak_060.jpg</filename>
	<path>C:\Users\BLACKSEA\Desktop\image\airplane\ucak_060.jpg</path>
	<source>
		<database>Unknown</database>
	</source>
	<size>
		<width>652</width>
		<height>652</height>
		<depth>3</depth>
	</size>
	<segmented>0</segmented>
	<object>
		<name>ucak</name>
		<pose>Unspecified</pose>
		<truncated>0</truncated>
		<difficult>0</difficult>
		<bndbox>
			<xmin>21</xmin>
			<ymin>192</ymin>
			<xmax>633</xmax>
			<ymax>395</ymax>
		</bndbox>
	</object>
</annotation>
