<annotation>
	<folder>airplane</folder>
	<filename>ucak_006.jpg</filename>
	<path>C:\Users\BLACKSEA\Desktop\image\airplane\ucak_006.jpg</path>
	<source>
		<database>Unknown</database>
	</source>
	<size>
		<width>5315</width>
		<height>2362</height>
		<depth>3</depth>
	</size>
	<segmented>0</segmented>
	<object>
		<name>ucak</name>
		<pose>Unspecified</pose>
		<truncated>0</truncated>
		<difficult>0</difficult>
		<bndbox>
			<xmin>184</xmin>
			<ymin>599</ymin>
			<xmax>5134</xmax>
			<ymax>2009</ymax>
		</bndbox>
	</object>
</annotation>
