<annotation>
	<folder>airplane</folder>
	<filename>ucak_036.jpg</filename>
	<path>C:\Users\BLACKSEA\Desktop\image\airplane\ucak_036.jpg</path>
	<source>
		<database>Unknown</database>
	</source>
	<size>
		<width>661</width>
		<height>392</height>
		<depth>3</depth>
	</size>
	<segmented>0</segmented>
	<object>
		<name>ucak</name>
		<pose>Unspecified</pose>
		<truncated>0</truncated>
		<difficult>0</difficult>
		<bndbox>
			<xmin>78</xmin>
			<ymin>142</ymin>
			<xmax>493</xmax>
			<ymax>257</ymax>
		</bndbox>
	</object>
</annotation>
