<annotation>
	<folder>airplane</folder>
	<filename>ucak_089.jpg</filename>
	<path>C:\Users\BLACKSEA\Desktop\image\airplane\ucak_089.jpg</path>
	<source>
		<database>Unknown</database>
	</source>
	<size>
		<width>2048</width>
		<height>1302</height>
		<depth>3</depth>
	</size>
	<segmented>0</segmented>
	<object>
		<name>ucak</name>
		<pose>Unspecified</pose>
		<truncated>0</truncated>
		<difficult>0</difficult>
		<bndbox>
			<xmin>142</xmin>
			<ymin>187</ymin>
			<xmax>1778</xmax>
			<ymax>899</ymax>
		</bndbox>
	</object>
</annotation>
