<annotation>
	<folder>airplane</folder>
	<filename>ucak_004.jpg</filename>
	<path>C:\Users\BLACKSEA\Desktop\image\airplane\ucak_004.jpg</path>
	<source>
		<database>Unknown</database>
	</source>
	<size>
		<width>460</width>
		<height>345</height>
		<depth>3</depth>
	</size>
	<segmented>0</segmented>
	<object>
		<name>ucak</name>
		<pose>Unspecified</pose>
		<truncated>0</truncated>
		<difficult>0</difficult>
		<bndbox>
			<xmin>56</xmin>
			<ymin>79</ymin>
			<xmax>407</xmax>
			<ymax>268</ymax>
		</bndbox>
	</object>
</annotation>
