<annotation>
	<folder>image</folder>
	<filename>iha_003.jpg</filename>
	<path>C:\Users\BLACKSEA\Desktop\image\iha_003.jpg</path>
	<source>
		<database>Unknown</database>
	</source>
	<size>
		<width>752</width>
		<height>395</height>
		<depth>3</depth>
	</size>
	<segmented>0</segmented>
	<object>
		<name>iha</name>
		<pose>Unspecified</pose>
		<truncated>0</truncated>
		<difficult>0</difficult>
		<bndbox>
			<xmin>131</xmin>
			<ymin>29</ymin>
			<xmax>726</xmax>
			<ymax>310</ymax>
		</bndbox>
	</object>
</annotation>
