<annotation>
	<folder>image</folder>
	<filename>iha_067.jpg</filename>
	<path>C:\Users\BLACKSEA\Desktop\image\iha_067.jpg</path>
	<source>
		<database>Unknown</database>
	</source>
	<size>
		<width>1024</width>
		<height>677</height>
		<depth>3</depth>
	</size>
	<segmented>0</segmented>
	<object>
		<name>iha</name>
		<pose>Unspecified</pose>
		<truncated>0</truncated>
		<difficult>0</difficult>
		<bndbox>
			<xmin>318</xmin>
			<ymin>107</ymin>
			<xmax>993</xmax>
			<ymax>405</ymax>
		</bndbox>
	</object>
</annotation>
