<annotation>
	<folder>image</folder>
	<filename>iha_098.jpg</filename>
	<path>C:\Users\BLACKSEA\Desktop\image\iha_098.jpg</path>
	<source>
		<database>Unknown</database>
	</source>
	<size>
		<width>1024</width>
		<height>549</height>
		<depth>3</depth>
	</size>
	<segmented>0</segmented>
	<object>
		<name>iha</name>
		<pose>Unspecified</pose>
		<truncated>0</truncated>
		<difficult>0</difficult>
		<bndbox>
			<xmin>23</xmin>
			<ymin>249</ymin>
			<xmax>205</xmax>
			<ymax>380</ymax>
		</bndbox>
	</object>
	<object>
		<name>iha</name>
		<pose>Unspecified</pose>
		<truncated>0</truncated>
		<difficult>0</difficult>
		<bndbox>
			<xmin>259</xmin>
			<ymin>63</ymin>
			<xmax>442</xmax>
			<ymax>174</ymax>
		</bndbox>
	</object>
	<object>
		<name>iha</name>
		<pose>Unspecified</pose>
		<truncated>0</truncated>
		<difficult>0</difficult>
		<bndbox>
			<xmin>706</xmin>
			<ymin>198</ymin>
			<xmax>896</xmax>
			<ymax>328</ymax>
		</bndbox>
	</object>
</annotation>
