<annotation>
	<folder>image</folder>
	<filename>iha_100.jpg</filename>
	<path>C:\Users\BLACKSEA\Desktop\image\iha_100.jpg</path>
	<source>
		<database>Unknown</database>
	</source>
	<size>
		<width>1024</width>
		<height>683</height>
		<depth>3</depth>
	</size>
	<segmented>0</segmented>
	<object>
		<name>iha</name>
		<pose>Unspecified</pose>
		<truncated>0</truncated>
		<difficult>0</difficult>
		<bndbox>
			<xmin>167</xmin>
			<ymin>44</ymin>
			<xmax>887</xmax>
			<ymax>533</ymax>
		</bndbox>
	</object>
</annotation>
