<annotation>
	<folder>image</folder>
	<filename>iha_013.jpg</filename>
	<path>C:\Users\BLACKSEA\Desktop\image\iha_013.jpg</path>
	<source>
		<database>Unknown</database>
	</source>
	<size>
		<width>858</width>
		<height>483</height>
		<depth>3</depth>
	</size>
	<segmented>0</segmented>
	<object>
		<name>iha</name>
		<pose>Unspecified</pose>
		<truncated>0</truncated>
		<difficult>0</difficult>
		<bndbox>
			<xmin>163</xmin>
			<ymin>98</ymin>
			<xmax>758</xmax>
			<ymax>358</ymax>
		</bndbox>
	</object>
</annotation>
