<annotation>
	<folder>image</folder>
	<filename>iha_014.jpg</filename>
	<path>C:\Users\BLACKSEA\Desktop\image\iha_014.jpg</path>
	<source>
		<database>Unknown</database>
	</source>
	<size>
		<width>1920</width>
		<height>1080</height>
		<depth>3</depth>
	</size>
	<segmented>0</segmented>
	<object>
		<name>iha</name>
		<pose>Unspecified</pose>
		<truncated>0</truncated>
		<difficult>0</difficult>
		<bndbox>
			<xmin>61</xmin>
			<ymin>81</ymin>
			<xmax>1837</xmax>
			<ymax>982</ymax>
		</bndbox>
	</object>
</annotation>
