<annotation>
	<folder>image</folder>
	<filename>iha_047.jpg</filename>
	<path>C:\Users\BLACKSEA\Desktop\image\iha_047.jpg</path>
	<source>
		<database>Unknown</database>
	</source>
	<size>
		<width>864</width>
		<height>486</height>
		<depth>3</depth>
	</size>
	<segmented>0</segmented>
	<object>
		<name>iha</name>
		<pose>Unspecified</pose>
		<truncated>0</truncated>
		<difficult>0</difficult>
		<bndbox>
			<xmin>205</xmin>
			<ymin>57</ymin>
			<xmax>759</xmax>
			<ymax>475</ymax>
		</bndbox>
	</object>
</annotation>
