<annotation>
	<folder>image</folder>
	<filename>iha_087.jpg</filename>
	<path>C:\Users\BLACKSEA\Desktop\image\iha_087.jpg</path>
	<source>
		<database>Unknown</database>
	</source>
	<size>
		<width>1024</width>
		<height>682</height>
		<depth>3</depth>
	</size>
	<segmented>0</segmented>
	<object>
		<name>iha</name>
		<pose>Unspecified</pose>
		<truncated>0</truncated>
		<difficult>0</difficult>
		<bndbox>
			<xmin>102</xmin>
			<ymin>80</ymin>
			<xmax>323</xmax>
			<ymax>224</ymax>
		</bndbox>
	</object>
	<object>
		<name>iha</name>
		<pose>Unspecified</pose>
		<truncated>0</truncated>
		<difficult>0</difficult>
		<bndbox>
			<xmin>353</xmin>
			<ymin>186</ymin>
			<xmax>573</xmax>
			<ymax>275</ymax>
		</bndbox>
	</object>
	<object>
		<name>iha</name>
		<pose>Unspecified</pose>
		<truncated>0</truncated>
		<difficult>0</difficult>
		<bndbox>
			<xmin>141</xmin>
			<ymin>244</ymin>
			<xmax>470</xmax>
			<ymax>377</ymax>
		</bndbox>
	</object>
	<object>
		<name>iha</name>
		<pose>Unspecified</pose>
		<truncated>0</truncated>
		<difficult>0</difficult>
		<bndbox>
			<xmin>477</xmin>
			<ymin>374</ymin>
			<xmax>631</xmax>
			<ymax>424</ymax>
		</bndbox>
	</object>
	<object>
		<name>iha</name>
		<pose>Unspecified</pose>
		<truncated>0</truncated>
		<difficult>0</difficult>
		<bndbox>
			<xmin>607</xmin>
			<ymin>313</ymin>
			<xmax>750</xmax>
			<ymax>365</ymax>
		</bndbox>
	</object>
</annotation>
