<annotation>
	<folder>image</folder>
	<filename>iha_005.jpg</filename>
	<path>C:\Users\BLACKSEA\Desktop\image\iha_005.jpg</path>
	<source>
		<database>Unknown</database>
	</source>
	<size>
		<width>1000</width>
		<height>541</height>
		<depth>3</depth>
	</size>
	<segmented>0</segmented>
	<object>
		<name>iha</name>
		<pose>Unspecified</pose>
		<truncated>0</truncated>
		<difficult>0</difficult>
		<bndbox>
			<xmin>50</xmin>
			<ymin>94</ymin>
			<xmax>924</xmax>
			<ymax>404</ymax>
		</bndbox>
	</object>
</annotation>
