<annotation>
	<folder>image</folder>
	<filename>iha_068.jpg</filename>
	<path>C:\Users\BLACKSEA\Desktop\image\iha_068.jpg</path>
	<source>
		<database>Unknown</database>
	</source>
	<size>
		<width>1024</width>
		<height>682</height>
		<depth>3</depth>
	</size>
	<segmented>0</segmented>
	<object>
		<name>iha</name>
		<pose>Unspecified</pose>
		<truncated>0</truncated>
		<difficult>0</difficult>
		<bndbox>
			<xmin>40</xmin>
			<ymin>101</ymin>
			<xmax>373</xmax>
			<ymax>288</ymax>
		</bndbox>
	</object>
</annotation>
