<annotation>
	<folder>image</folder>
	<filename>iha_004.jpg</filename>
	<path>C:\Users\BLACKSEA\Desktop\image\iha_004.jpg</path>
	<source>
		<database>Unknown</database>
	</source>
	<size>
		<width>636</width>
		<height>421</height>
		<depth>3</depth>
	</size>
	<segmented>0</segmented>
	<object>
		<name>iha</name>
		<pose>Unspecified</pose>
		<truncated>0</truncated>
		<difficult>0</difficult>
		<bndbox>
			<xmin>26</xmin>
			<ymin>96</ymin>
			<xmax>610</xmax>
			<ymax>297</ymax>
		</bndbox>
	</object>
</annotation>
