<annotation>
	<folder>image</folder>
	<filename>iha_084.jpg</filename>
	<path>C:\Users\BLACKSEA\Desktop\image\iha_084.jpg</path>
	<source>
		<database>Unknown</database>
	</source>
	<size>
		<width>1024</width>
		<height>748</height>
		<depth>3</depth>
	</size>
	<segmented>0</segmented>
	<object>
		<name>iha</name>
		<pose>Unspecified</pose>
		<truncated>0</truncated>
		<difficult>0</difficult>
		<bndbox>
			<xmin>417</xmin>
			<ymin>203</ymin>
			<xmax>650</xmax>
			<ymax>335</ymax>
		</bndbox>
	</object>
	<object>
		<name>iha</name>
		<pose>Unspecified</pose>
		<truncated>0</truncated>
		<difficult>0</difficult>
		<bndbox>
			<xmin>608</xmin>
			<ymin>149</ymin>
			<xmax>749</xmax>
			<ymax>206</ymax>
		</bndbox>
	</object>
	<object>
		<name>iha</name>
		<pose>Unspecified</pose>
		<truncated>0</truncated>
		<difficult>0</difficult>
		<bndbox>
			<xmin>148</xmin>
			<ymin>343</ymin>
			<xmax>822</xmax>
			<ymax>654</ymax>
		</bndbox>
	</object>
</annotation>
