<annotation>
	<folder>image</folder>
	<filename>iha_149.jpg</filename>
	<path>C:\Users\BLACKSEA\Desktop\image\iha_149.jpg</path>
	<source>
		<database>Unknown</database>
	</source>
	<size>
		<width>1024</width>
		<height>1000</height>
		<depth>3</depth>
	</size>
	<segmented>0</segmented>
	<object>
		<name>iha</name>
		<pose>Unspecified</pose>
		<truncated>0</truncated>
		<difficult>0</difficult>
		<bndbox>
			<xmin>88</xmin>
			<ymin>208</ymin>
			<xmax>756</xmax>
			<ymax>402</ymax>
		</bndbox>
	</object>
</annotation>
