<annotation>
	<folder>image</folder>
	<filename>iha_027.jpg</filename>
	<path>C:\Users\BLACKSEA\Desktop\image\iha_027.jpg</path>
	<source>
		<database>Unknown</database>
	</source>
	<size>
		<width>2200</width>
		<height>1080</height>
		<depth>3</depth>
	</size>
	<segmented>0</segmented>
	<object>
		<name>iha</name>
		<pose>Unspecified</pose>
		<truncated>0</truncated>
		<difficult>0</difficult>
		<bndbox>
			<xmin>336</xmin>
			<ymin>14</ymin>
			<xmax>2018</xmax>
			<ymax>1043</ymax>
		</bndbox>
	</object>
</annotation>
