<annotation>
	<folder>image</folder>
	<filename>iha_021.jpg</filename>
	<path>C:\Users\BLACKSEA\Desktop\image\iha_021.jpg</path>
	<source>
		<database>Unknown</database>
	</source>
	<size>
		<width>1000</width>
		<height>667</height>
		<depth>3</depth>
	</size>
	<segmented>0</segmented>
	<object>
		<name>iha</name>
		<pose>Unspecified</pose>
		<truncated>0</truncated>
		<difficult>0</difficult>
		<bndbox>
			<xmin>34</xmin>
			<ymin>50</ymin>
			<xmax>965</xmax>
			<ymax>583</ymax>
		</bndbox>
	</object>
</annotation>
