<annotation>
	<folder>image</folder>
	<filename>iha_074.jpg</filename>
	<path>C:\Users\BLACKSEA\Desktop\image\iha_074.jpg</path>
	<source>
		<database>Unknown</database>
	</source>
	<size>
		<width>1024</width>
		<height>598</height>
		<depth>3</depth>
	</size>
	<segmented>0</segmented>
	<object>
		<name>iha</name>
		<pose>Unspecified</pose>
		<truncated>0</truncated>
		<difficult>0</difficult>
		<bndbox>
			<xmin>188</xmin>
			<ymin>313</ymin>
			<xmax>342</xmax>
			<ymax>405</ymax>
		</bndbox>
	</object>
	<object>
		<name>iha</name>
		<pose>Unspecified</pose>
		<truncated>0</truncated>
		<difficult>0</difficult>
		<bndbox>
			<xmin>309</xmin>
			<ymin>235</ymin>
			<xmax>425</xmax>
			<ymax>309</ymax>
		</bndbox>
	</object>
	<object>
		<name>iha</name>
		<pose>Unspecified</pose>
		<truncated>0</truncated>
		<difficult>0</difficult>
		<bndbox>
			<xmin>463</xmin>
			<ymin>199</ymin>
			<xmax>569</xmax>
			<ymax>261</ymax>
		</bndbox>
	</object>
	<object>
		<name>iha</name>
		<pose>Unspecified</pose>
		<truncated>0</truncated>
		<difficult>0</difficult>
		<bndbox>
			<xmin>580</xmin>
			<ymin>223</ymin>
			<xmax>672</xmax>
			<ymax>278</ymax>
		</bndbox>
	</object>
	<object>
		<name>iha</name>
		<pose>Unspecified</pose>
		<truncated>0</truncated>
		<difficult>0</difficult>
		<bndbox>
			<xmin>603</xmin>
			<ymin>283</ymin>
			<xmax>702</xmax>
			<ymax>344</ymax>
		</bndbox>
	</object>
	<object>
		<name>iha</name>
		<pose>Unspecified</pose>
		<truncated>0</truncated>
		<difficult>0</difficult>
		<bndbox>
			<xmin>69</xmin>
			<ymin>324</ymin>
			<xmax>166</xmax>
			<ymax>390</ymax>
		</bndbox>
	</object>
	<object>
		<name>iha</name>
		<pose>Unspecified</pose>
		<truncated>0</truncated>
		<difficult>0</difficult>
		<bndbox>
			<xmin>14</xmin>
			<ymin>165</ymin>
			<xmax>129</xmax>
			<ymax>240</ymax>
		</bndbox>
	</object>
	<object>
		<name>iha</name>
		<pose>Unspecified</pose>
		<truncated>0</truncated>
		<difficult>0</difficult>
		<bndbox>
			<xmin>174</xmin>
			<ymin>157</ymin>
			<xmax>263</xmax>
			<ymax>217</ymax>
		</bndbox>
	</object>
	<object>
		<name>iha</name>
		<pose>Unspecified</pose>
		<truncated>0</truncated>
		<difficult>0</difficult>
		<bndbox>
			<xmin>355</xmin>
			<ymin>98</ymin>
			<xmax>533</xmax>
			<ymax>203</ymax>
		</bndbox>
	</object>
	<object>
		<name>iha</name>
		<pose>Unspecified</pose>
		<truncated>0</truncated>
		<difficult>0</difficult>
		<bndbox>
			<xmin>616</xmin>
			<ymin>139</ymin>
			<xmax>699</xmax>
			<ymax>190</ymax>
		</bndbox>
	</object>
	<object>
		<name>iha</name>
		<pose>Unspecified</pose>
		<truncated>0</truncated>
		<difficult>0</difficult>
		<bndbox>
			<xmin>725</xmin>
			<ymin>137</ymin>
			<xmax>841</xmax>
			<ymax>207</ymax>
		</bndbox>
	</object>
	<object>
		<name>iha</name>
		<pose>Unspecified</pose>
		<truncated>0</truncated>
		<difficult>0</difficult>
		<bndbox>
			<xmin>154</xmin>
			<ymin>11</ymin>
			<xmax>382</xmax>
			<ymax>142</ymax>
		</bndbox>
	</object>
	<object>
		<name>iha</name>
		<pose>Unspecified</pose>
		<truncated>0</truncated>
		<difficult>0</difficult>
		<bndbox>
			<xmin>95</xmin>
			<ymin>55</ymin>
			<xmax>166</xmax>
			<ymax>109</ymax>
		</bndbox>
	</object>
	<object>
		<name>iha</name>
		<pose>Unspecified</pose>
		<truncated>0</truncated>
		<difficult>0</difficult>
		<bndbox>
			<xmin>368</xmin>
			<ymin>34</ymin>
			<xmax>484</xmax>
			<ymax>92</ymax>
		</bndbox>
	</object>
	<object>
		<name>iha</name>
		<pose>Unspecified</pose>
		<truncated>0</truncated>
		<difficult>0</difficult>
		<bndbox>
			<xmin>884</xmin>
			<ymin>185</ymin>
			<xmax>957</xmax>
			<ymax>237</ymax>
		</bndbox>
	</object>
	<object>
		<name>iha</name>
		<pose>Unspecified</pose>
		<truncated>0</truncated>
		<difficult>0</difficult>
		<bndbox>
			<xmin>901</xmin>
			<ymin>323</ymin>
			<xmax>984</xmax>
			<ymax>374</ymax>
		</bndbox>
	</object>
	<object>
		<name>iha</name>
		<pose>Unspecified</pose>
		<truncated>0</truncated>
		<difficult>0</difficult>
		<bndbox>
			<xmin>788</xmin>
			<ymin>14</ymin>
			<xmax>1022</xmax>
			<ymax>156</ymax>
		</bndbox>
	</object>
	<object>
		<name>iha</name>
		<pose>Unspecified</pose>
		<truncated>0</truncated>
		<difficult>0</difficult>
		<bndbox>
			<xmin>485</xmin>
			<ymin>4</ymin>
			<xmax>644</xmax>
			<ymax>91</ymax>
		</bndbox>
	</object>
	<object>
		<name>iha</name>
		<pose>Unspecified</pose>
		<truncated>0</truncated>
		<difficult>0</difficult>
		<bndbox>
			<xmin>654</xmin>
			<ymin>3</ymin>
			<xmax>771</xmax>
			<ymax>72</ymax>
		</bndbox>
	</object>
	<object>
		<name>iha</name>
		<pose>Unspecified</pose>
		<truncated>0</truncated>
		<difficult>0</difficult>
		<bndbox>
			<xmin>2</xmin>
			<ymin>18</ymin>
			<xmax>89</xmax>
			<ymax>103</ymax>
		</bndbox>
	</object>
	<object>
		<name>iha</name>
		<pose>Unspecified</pose>
		<truncated>0</truncated>
		<difficult>0</difficult>
		<bndbox>
			<xmin>2</xmin>
			<ymin>250</ymin>
			<xmax>69</xmax>
			<ymax>349</ymax>
		</bndbox>
	</object>
	<object>
		<name>iha</name>
		<pose>Unspecified</pose>
		<truncated>0</truncated>
		<difficult>0</difficult>
		<bndbox>
			<xmin>891</xmin>
			<ymin>246</ymin>
			<xmax>1023</xmax>
			<ymax>332</ymax>
		</bndbox>
	</object>
</annotation>
