<annotation>
	<folder>image</folder>
	<filename>iha_015.jpg</filename>
	<path>C:\Users\BLACKSEA\Desktop\image\iha_015.jpg</path>
	<source>
		<database>Unknown</database>
	</source>
	<size>
		<width>1920</width>
		<height>1080</height>
		<depth>3</depth>
	</size>
	<segmented>0</segmented>
	<object>
		<name>iha</name>
		<pose>Unspecified</pose>
		<truncated>0</truncated>
		<difficult>0</difficult>
		<bndbox>
			<xmin>114</xmin>
			<ymin>82</ymin>
			<xmax>1843</xmax>
			<ymax>1004</ymax>
		</bndbox>
	</object>
</annotation>
