<annotation>
	<folder>image</folder>
	<filename>iha_020.png</filename>
	<path>C:\Users\BLACKSEA\Desktop\image\iha_020.png</path>
	<source>
		<database>Unknown</database>
	</source>
	<size>
		<width>1279</width>
		<height>831</height>
		<depth>3</depth>
	</size>
	<segmented>0</segmented>
	<object>
		<name>iha</name>
		<pose>Unspecified</pose>
		<truncated>0</truncated>
		<difficult>0</difficult>
		<bndbox>
			<xmin>267</xmin>
			<ymin>239</ymin>
			<xmax>1208</xmax>
			<ymax>643</ymax>
		</bndbox>
	</object>
</annotation>
