<annotation>
	<folder>birds</folder>
	<filename>kus_061.jpg</filename>
	<path>C:\Users\BLACKSEA\Desktop\image\birds\kus_061.jpg</path>
	<source>
		<database>Unknown</database>
	</source>
	<size>
		<width>1024</width>
		<height>750</height>
		<depth>1</depth>
	</size>
	<segmented>0</segmented>
	<object>
		<name>kus</name>
		<pose>Unspecified</pose>
		<truncated>0</truncated>
		<difficult>0</difficult>
		<bndbox>
			<xmin>59</xmin>
			<ymin>290</ymin>
			<xmax>1003</xmax>
			<ymax>460</ymax>
		</bndbox>
	</object>
</annotation>
