<annotation>
	<folder>birds</folder>
	<filename>kus_013.jpg</filename>
	<path>C:\Users\BLACKSEA\Desktop\image\birds\kus_013.jpg</path>
	<source>
		<database>Unknown</database>
	</source>
	<size>
		<width>2880</width>
		<height>1800</height>
		<depth>3</depth>
	</size>
	<segmented>0</segmented>
	<object>
		<name>kus</name>
		<pose>Unspecified</pose>
		<truncated>0</truncated>
		<difficult>0</difficult>
		<bndbox>
			<xmin>2</xmin>
			<ymin>117</ymin>
			<xmax>2830</xmax>
			<ymax>1399</ymax>
		</bndbox>
	</object>
</annotation>
