<annotation>
	<folder>birds</folder>
	<filename>kus_065.jpg</filename>
	<path>C:\Users\BLACKSEA\Desktop\image\birds\kus_065.jpg</path>
	<source>
		<database>Unknown</database>
	</source>
	<size>
		<width>300</width>
		<height>200</height>
		<depth>1</depth>
	</size>
	<segmented>0</segmented>
	<object>
		<name>kus</name>
		<pose>Unspecified</pose>
		<truncated>0</truncated>
		<difficult>0</difficult>
		<bndbox>
			<xmin>14</xmin>
			<ymin>27</ymin>
			<xmax>227</xmax>
			<ymax>160</ymax>
		</bndbox>
	</object>
</annotation>
