<annotation>
	<folder>birds</folder>
	<filename>kus_042.jpg</filename>
	<path>C:\Users\BLACKSEA\Desktop\image\birds\kus_042.jpg</path>
	<source>
		<database>Unknown</database>
	</source>
	<size>
		<width>1300</width>
		<height>780</height>
		<depth>1</depth>
	</size>
	<segmented>0</segmented>
	<object>
		<name>kus</name>
		<pose>Unspecified</pose>
		<truncated>0</truncated>
		<difficult>0</difficult>
		<bndbox>
			<xmin>899</xmin>
			<ymin>298</ymin>
			<xmax>1206</xmax>
			<ymax>546</ymax>
		</bndbox>
	</object>
	<object>
		<name>kus</name>
		<pose>Unspecified</pose>
		<truncated>0</truncated>
		<difficult>0</difficult>
		<bndbox>
			<xmin>464</xmin>
			<ymin>520</ymin>
			<xmax>795</xmax>
			<ymax>774</ymax>
		</bndbox>
	</object>
	<object>
		<name>kus</name>
		<pose>Unspecified</pose>
		<truncated>0</truncated>
		<difficult>0</difficult>
		<bndbox>
			<xmin>832</xmin>
			<ymin>550</ymin>
			<xmax>1203</xmax>
			<ymax>778</ymax>
		</bndbox>
	</object>
</annotation>
