<annotation>
	<folder>birds</folder>
	<filename>kus_003.jpg</filename>
	<path>C:\Users\BLACKSEA\Desktop\image\birds\kus_003.jpg</path>
	<source>
		<database>Unknown</database>
	</source>
	<size>
		<width>1300</width>
		<height>1300</height>
		<depth>3</depth>
	</size>
	<segmented>0</segmented>
	<object>
		<name>kus</name>
		<pose>Unspecified</pose>
		<truncated>0</truncated>
		<difficult>0</difficult>
		<bndbox>
			<xmin>525</xmin>
			<ymin>1120</ymin>
			<xmax>626</xmax>
			<ymax>1177</ymax>
		</bndbox>
	</object>
	<object>
		<name>kus</name>
		<pose>Unspecified</pose>
		<truncated>0</truncated>
		<difficult>0</difficult>
		<bndbox>
			<xmin>461</xmin>
			<ymin>1005</ymin>
			<xmax>579</xmax>
			<ymax>1085</ymax>
		</bndbox>
	</object>
	<object>
		<name>kus</name>
		<pose>Unspecified</pose>
		<truncated>0</truncated>
		<difficult>0</difficult>
		<bndbox>
			<xmin>657</xmin>
			<ymin>970</ymin>
			<xmax>807</xmax>
			<ymax>1091</ymax>
		</bndbox>
	</object>
	<object>
		<name>kus</name>
		<pose>Unspecified</pose>
		<truncated>0</truncated>
		<difficult>0</difficult>
		<bndbox>
			<xmin>772</xmin>
			<ymin>815</ymin>
			<xmax>1030</xmax>
			<ymax>952</ymax>
		</bndbox>
	</object>
</annotation>
