<annotation>
	<folder>birds</folder>
	<filename>kus_059.jpg</filename>
	<path>C:\Users\BLACKSEA\Desktop\image\birds\kus_059.jpg</path>
	<source>
		<database>Unknown</database>
	</source>
	<size>
		<width>300</width>
		<height>180</height>
		<depth>3</depth>
	</size>
	<segmented>0</segmented>
	<object>
		<name>kus</name>
		<pose>Unspecified</pose>
		<truncated>1</truncated>
		<difficult>0</difficult>
		<bndbox>
			<xmin>101</xmin>
			<ymin>1</ymin>
			<xmax>217</xmax>
			<ymax>180</ymax>
		</bndbox>
	</object>
</annotation>
