<annotation>
	<folder>birds</folder>
	<filename>kus_047.jpg</filename>
	<path>C:\Users\BLACKSEA\Desktop\image\birds\kus_047.jpg</path>
	<source>
		<database>Unknown</database>
	</source>
	<size>
		<width>466</width>
		<height>466</height>
		<depth>3</depth>
	</size>
	<segmented>0</segmented>
	<object>
		<name>kus</name>
		<pose>Unspecified</pose>
		<truncated>0</truncated>
		<difficult>0</difficult>
		<bndbox>
			<xmin>85</xmin>
			<ymin>119</ymin>
			<xmax>359</xmax>
			<ymax>306</ymax>
		</bndbox>
	</object>
</annotation>
