<annotation>
	<folder>birds</folder>
	<filename>kus_006.jpg</filename>
	<path>C:\Users\BLACKSEA\Desktop\image\birds\kus_006.jpg</path>
	<source>
		<database>Unknown</database>
	</source>
	<size>
		<width>3072</width>
		<height>2048</height>
		<depth>3</depth>
	</size>
	<segmented>0</segmented>
	<object>
		<name>kus</name>
		<pose>Unspecified</pose>
		<truncated>0</truncated>
		<difficult>0</difficult>
		<bndbox>
			<xmin>854</xmin>
			<ymin>321</ymin>
			<xmax>2345</xmax>
			<ymax>1795</ymax>
		</bndbox>
	</object>
</annotation>
