<annotation>
	<folder>birds</folder>
	<filename>kus_012.jpg</filename>
	<path>C:\Users\BLACKSEA\Desktop\image\birds\kus_012.jpg</path>
	<source>
		<database>Unknown</database>
	</source>
	<size>
		<width>480</width>
		<height>270</height>
		<depth>3</depth>
	</size>
	<segmented>0</segmented>
	<object>
		<name>kus</name>
		<pose>Unspecified</pose>
		<truncated>0</truncated>
		<difficult>0</difficult>
		<bndbox>
			<xmin>185</xmin>
			<ymin>19</ymin>
			<xmax>275</xmax>
			<ymax>183</ymax>
		</bndbox>
	</object>
</annotation>
