<annotation>
	<folder>birds</folder>
	<filename>kus_079.jpg</filename>
	<path>C:\Users\BLACKSEA\Desktop\image\birds\kus_079.jpg</path>
	<source>
		<database>Unknown</database>
	</source>
	<size>
		<width>626</width>
		<height>500</height>
		<depth>3</depth>
	</size>
	<segmented>0</segmented>
	<object>
		<name>kus</name>
		<pose>Unspecified</pose>
		<truncated>0</truncated>
		<difficult>0</difficult>
		<bndbox>
			<xmin>66</xmin>
			<ymin>52</ymin>
			<xmax>225</xmax>
			<ymax>163</ymax>
		</bndbox>
	</object>
	<object>
		<name>kus</name>
		<pose>Unspecified</pose>
		<truncated>0</truncated>
		<difficult>0</difficult>
		<bndbox>
			<xmin>59</xmin>
			<ymin>200</ymin>
			<xmax>217</xmax>
			<ymax>292</ymax>
		</bndbox>
	</object>
	<object>
		<name>kus</name>
		<pose>Unspecified</pose>
		<truncated>0</truncated>
		<difficult>0</difficult>
		<bndbox>
			<xmin>388</xmin>
			<ymin>343</ymin>
			<xmax>554</xmax>
			<ymax>446</ymax>
		</bndbox>
	</object>
	<object>
		<name>kus</name>
		<pose>Unspecified</pose>
		<truncated>0</truncated>
		<difficult>0</difficult>
		<bndbox>
			<xmin>225</xmin>
			<ymin>336</ymin>
			<xmax>373</xmax>
			<ymax>418</ymax>
		</bndbox>
	</object>
	<object>
		<name>kus</name>
		<pose>Unspecified</pose>
		<truncated>0</truncated>
		<difficult>0</difficult>
		<bndbox>
			<xmin>405</xmin>
			<ymin>47</ymin>
			<xmax>572</xmax>
			<ymax>166</ymax>
		</bndbox>
	</object>
</annotation>
