<annotation>
	<folder>birds</folder>
	<filename>kus_074.jpg</filename>
	<path>C:\Users\BLACKSEA\Desktop\image\birds\kus_074.jpg</path>
	<source>
		<database>Unknown</database>
	</source>
	<size>
		<width>500</width>
		<height>500</height>
		<depth>1</depth>
	</size>
	<segmented>0</segmented>
	<object>
		<name>kus</name>
		<pose>Unspecified</pose>
		<truncated>0</truncated>
		<difficult>0</difficult>
		<bndbox>
			<xmin>130</xmin>
			<ymin>302</ymin>
			<xmax>284</xmax>
			<ymax>424</ymax>
		</bndbox>
	</object>
	<object>
		<name>kus</name>
		<pose>Unspecified</pose>
		<truncated>0</truncated>
		<difficult>0</difficult>
		<bndbox>
			<xmin>134</xmin>
			<ymin>7</ymin>
			<xmax>321</xmax>
			<ymax>177</ymax>
		</bndbox>
	</object>
</annotation>
