<annotation>
	<folder>birds</folder>
	<filename>kus_035.jpg</filename>
	<path>C:\Users\BLACKSEA\Desktop\image\birds\kus_035.jpg</path>
	<source>
		<database>Unknown</database>
	</source>
	<size>
		<width>1300</width>
		<height>1177</height>
		<depth>3</depth>
	</size>
	<segmented>0</segmented>
	<object>
		<name>kus</name>
		<pose>Unspecified</pose>
		<truncated>0</truncated>
		<difficult>0</difficult>
		<bndbox>
			<xmin>346</xmin>
			<ymin>55</ymin>
			<xmax>1175</xmax>
			<ymax>1140</ymax>
		</bndbox>
	</object>
</annotation>
