<annotation>
	<folder>birds</folder>
	<filename>kus_014.jpg</filename>
	<path>C:\Users\BLACKSEA\Desktop\image\birds\kus_014.jpg</path>
	<source>
		<database>Unknown</database>
	</source>
	<size>
		<width>1920</width>
		<height>1080</height>
		<depth>3</depth>
	</size>
	<segmented>0</segmented>
	<object>
		<name>kus</name>
		<pose>Unspecified</pose>
		<truncated>1</truncated>
		<difficult>0</difficult>
		<bndbox>
			<xmin>479</xmin>
			<ymin>18</ymin>
			<xmax>1150</xmax>
			<ymax>1080</ymax>
		</bndbox>
	</object>
</annotation>
