<annotation>
	<folder>birds</folder>
	<filename>kus_078.jpg</filename>
	<path>C:\Users\BLACKSEA\Desktop\image\birds\kus_078.jpg</path>
	<source>
		<database>Unknown</database>
	</source>
	<size>
		<width>1300</width>
		<height>960</height>
		<depth>3</depth>
	</size>
	<segmented>0</segmented>
	<object>
		<name>kus</name>
		<pose>Unspecified</pose>
		<truncated>0</truncated>
		<difficult>0</difficult>
		<bndbox>
			<xmin>587</xmin>
			<ymin>475</ymin>
			<xmax>649</xmax>
			<ymax>537</ymax>
		</bndbox>
	</object>
</annotation>
