<annotation>
	<folder>birds</folder>
	<filename>kus_070.jpg</filename>
	<path>C:\Users\BLACKSEA\Desktop\image\birds\kus_070.jpg</path>
	<source>
		<database>Unknown</database>
	</source>
	<size>
		<width>450</width>
		<height>190</height>
		<depth>1</depth>
	</size>
	<segmented>0</segmented>
	<object>
		<name>kus</name>
		<pose>Unspecified</pose>
		<truncated>0</truncated>
		<difficult>0</difficult>
		<bndbox>
			<xmin>184</xmin>
			<ymin>7</ymin>
			<xmax>262</xmax>
			<ymax>68</ymax>
		</bndbox>
	</object>
</annotation>
