<annotation>
	<folder>birds</folder>
	<filename>kus_067.jpg</filename>
	<path>C:\Users\BLACKSEA\Desktop\image\birds\kus_067.jpg</path>
	<source>
		<database>Unknown</database>
	</source>
	<size>
		<width>852</width>
		<height>480</height>
		<depth>1</depth>
	</size>
	<segmented>0</segmented>
	<object>
		<name>kus</name>
		<pose>Unspecified</pose>
		<truncated>0</truncated>
		<difficult>0</difficult>
		<bndbox>
			<xmin>18</xmin>
			<ymin>108</ymin>
			<xmax>794</xmax>
			<ymax>386</ymax>
		</bndbox>
	</object>
</annotation>
