<annotation>
	<folder>birds</folder>
	<filename>kus_050.jpg</filename>
	<path>C:\Users\BLACKSEA\Desktop\image\birds\kus_050.jpg</path>
	<source>
		<database>Unknown</database>
	</source>
	<size>
		<width>480</width>
		<height>360</height>
		<depth>3</depth>
	</size>
	<segmented>0</segmented>
	<object>
		<name>kus</name>
		<pose>Unspecified</pose>
		<truncated>0</truncated>
		<difficult>0</difficult>
		<bndbox>
			<xmin>162</xmin>
			<ymin>119</ymin>
			<xmax>282</xmax>
			<ymax>239</ymax>
		</bndbox>
	</object>
</annotation>
