<annotation>
	<folder>birds</folder>
	<filename>kus_054.jpeg</filename>
	<path>C:\Users\BLACKSEA\Desktop\image\birds\kus_054.jpeg</path>
	<source>
		<database>Unknown</database>
	</source>
	<size>
		<width>500</width>
		<height>333</height>
		<depth>3</depth>
	</size>
	<segmented>0</segmented>
	<object>
		<name>kus</name>
		<pose>Unspecified</pose>
		<truncated>0</truncated>
		<difficult>0</difficult>
		<bndbox>
			<xmin>207</xmin>
			<ymin>87</ymin>
			<xmax>277</xmax>
			<ymax>191</ymax>
		</bndbox>
	</object>
</annotation>
