<annotation>
	<folder>birds</folder>
	<filename>kus_077.jpg</filename>
	<path>C:\Users\BLACKSEA\Desktop\image\birds\kus_077.jpg</path>
	<source>
		<database>Unknown</database>
	</source>
	<size>
		<width>800</width>
		<height>800</height>
		<depth>3</depth>
	</size>
	<segmented>0</segmented>
	<object>
		<name>kus</name>
		<pose>Unspecified</pose>
		<truncated>0</truncated>
		<difficult>0</difficult>
		<bndbox>
			<xmin>151</xmin>
			<ymin>57</ymin>
			<xmax>568</xmax>
			<ymax>508</ymax>
		</bndbox>
	</object>
</annotation>
