<annotation>
	<folder>birds</folder>
	<filename>kus_018.jpg</filename>
	<path>C:\Users\BLACKSEA\Desktop\image\birds\kus_018.jpg</path>
	<source>
		<database>Unknown</database>
	</source>
	<size>
		<width>276</width>
		<height>240</height>
		<depth>3</depth>
	</size>
	<segmented>0</segmented>
	<object>
		<name>kus</name>
		<pose>Unspecified</pose>
		<truncated>0</truncated>
		<difficult>0</difficult>
		<bndbox>
			<xmin>36</xmin>
			<ymin>36</ymin>
			<xmax>207</xmax>
			<ymax>155</ymax>
		</bndbox>
	</object>
</annotation>
