<annotation>
	<folder>birds</folder>
	<filename>kus_002.jpg</filename>
	<path>C:\Users\BLACKSEA\Desktop\image\birds\kus_002.jpg</path>
	<source>
		<database>Unknown</database>
	</source>
	<size>
		<width>600</width>
		<height>311</height>
		<depth>3</depth>
	</size>
	<segmented>0</segmented>
	<object>
		<name>kus</name>
		<pose>Unspecified</pose>
		<truncated>1</truncated>
		<difficult>0</difficult>
		<bndbox>
			<xmin>289</xmin>
			<ymin>1</ymin>
			<xmax>430</xmax>
			<ymax>178</ymax>
		</bndbox>
	</object>
</annotation>
