<annotation>
	<folder>birds</folder>
	<filename>kus_093.jpg</filename>
	<path>C:\Users\BLACKSEA\Desktop\image\birds\kus_093.jpg</path>
	<source>
		<database>Unknown</database>
	</source>
	<size>
		<width>425</width>
		<height>425</height>
		<depth>3</depth>
	</size>
	<segmented>0</segmented>
	<object>
		<name>kus</name>
		<pose>Unspecified</pose>
		<truncated>0</truncated>
		<difficult>0</difficult>
		<bndbox>
			<xmin>91</xmin>
			<ymin>86</ymin>
			<xmax>420</xmax>
			<ymax>408</ymax>
		</bndbox>
	</object>
</annotation>
