<annotation>
	<folder>birds</folder>
	<filename>kus_068.jpg</filename>
	<path>C:\Users\BLACKSEA\Desktop\image\birds\kus_068.jpg</path>
	<source>
		<database>Unknown</database>
	</source>
	<size>
		<width>450</width>
		<height>281</height>
		<depth>1</depth>
	</size>
	<segmented>0</segmented>
	<object>
		<name>kus</name>
		<pose>Unspecified</pose>
		<truncated>0</truncated>
		<difficult>0</difficult>
		<bndbox>
			<xmin>107</xmin>
			<ymin>24</ymin>
			<xmax>323</xmax>
			<ymax>268</ymax>
		</bndbox>
	</object>
</annotation>
