<annotation>
	<folder>birds</folder>
	<filename>kus_036.jpg</filename>
	<path>C:\Users\BLACKSEA\Desktop\image\birds\kus_036.jpg</path>
	<source>
		<database>Unknown</database>
	</source>
	<size>
		<width>1600</width>
		<height>1156</height>
		<depth>3</depth>
	</size>
	<segmented>0</segmented>
	<object>
		<name>kus</name>
		<pose>Unspecified</pose>
		<truncated>0</truncated>
		<difficult>0</difficult>
		<bndbox>
			<xmin>184</xmin>
			<ymin>299</ymin>
			<xmax>629</xmax>
			<ymax>667</ymax>
		</bndbox>
	</object>
</annotation>
