<annotation>
	<folder>birds</folder>
	<filename>kus_017.jpg</filename>
	<path>C:\Users\BLACKSEA\Desktop\image\birds\kus_017.jpg</path>
	<source>
		<database>Unknown</database>
	</source>
	<size>
		<width>552</width>
		<height>368</height>
		<depth>3</depth>
	</size>
	<segmented>0</segmented>
	<object>
		<name>kus</name>
		<pose>Unspecified</pose>
		<truncated>0</truncated>
		<difficult>0</difficult>
		<bndbox>
			<xmin>175</xmin>
			<ymin>98</ymin>
			<xmax>400</xmax>
			<ymax>267</ymax>
		</bndbox>
	</object>
</annotation>
