<annotation>
	<folder>birds</folder>
	<filename>kus_034.jpg</filename>
	<path>C:\Users\BLACKSEA\Desktop\image\birds\kus_034.jpg</path>
	<source>
		<database>Unknown</database>
	</source>
	<size>
		<width>300</width>
		<height>168</height>
		<depth>3</depth>
	</size>
	<segmented>0</segmented>
	<object>
		<name>kus</name>
		<pose>Unspecified</pose>
		<truncated>0</truncated>
		<difficult>0</difficult>
		<bndbox>
			<xmin>43</xmin>
			<ymin>34</ymin>
			<xmax>189</xmax>
			<ymax>148</ymax>
		</bndbox>
	</object>
</annotation>
