<annotation>
	<folder>birds</folder>
	<filename>kus_089.jpg</filename>
	<path>C:\Users\BLACKSEA\Desktop\image\birds\kus_089.jpg</path>
	<source>
		<database>Unknown</database>
	</source>
	<size>
		<width>960</width>
		<height>720</height>
		<depth>3</depth>
	</size>
	<segmented>0</segmented>
	<object>
		<name>kus</name>
		<pose>Unspecified</pose>
		<truncated>0</truncated>
		<difficult>0</difficult>
		<bndbox>
			<xmin>34</xmin>
			<ymin>57</ymin>
			<xmax>698</xmax>
			<ymax>555</ymax>
		</bndbox>
	</object>
</annotation>
