<annotation>
	<folder>airplane</folder>
	<filename>ucak_084.jpg</filename>
	<path>C:\Users\BLACKSEA\Desktop\image\airplane\ucak_084.jpg</path>
	<source>
		<database>Unknown</database>
	</source>
	<size>
		<width>1000</width>
		<height>550</height>
		<depth>3</depth>
	</size>
	<segmented>0</segmented>
	<object>
		<name>ucak</name>
		<pose>Unspecified</pose>
		<truncated>0</truncated>
		<difficult>0</difficult>
		<bndbox>
			<xmin>40</xmin>
			<ymin>113</ymin>
			<xmax>998</xmax>
			<ymax>427</ymax>
		</bndbox>
	</object>
</annotation>
