<annotation>
	<folder>airplane</folder>
	<filename>ucak_118.jpeg</filename>
	<path>C:\Users\BLACKSEA\Desktop\image\airplane\ucak_118.jpeg</path>
	<source>
		<database>Unknown</database>
	</source>
	<size>
		<width>280</width>
		<height>188</height>
		<depth>3</depth>
	</size>
	<segmented>0</segmented>
	<object>
		<name>ucak</name>
		<pose>Unspecified</pose>
		<truncated>0</truncated>
		<difficult>0</difficult>
		<bndbox>
			<xmin>182</xmin>
			<ymin>61</ymin>
			<xmax>202</xmax>
			<ymax>83</ymax>
		</bndbox>
	</object>
</annotation>
