<annotation>
	<folder>airplane</folder>
	<filename>ucak_016.jpg</filename>
	<path>C:\Users\BLACKSEA\Desktop\image\airplane\ucak_016.jpg</path>
	<source>
		<database>Unknown</database>
	</source>
	<size>
		<width>630</width>
		<height>400</height>
		<depth>3</depth>
	</size>
	<segmented>0</segmented>
	<object>
		<name>ucak</name>
		<pose>Unspecified</pose>
		<truncated>0</truncated>
		<difficult>0</difficult>
		<bndbox>
			<xmin>163</xmin>
			<ymin>152</ymin>
			<xmax>497</xmax>
			<ymax>262</ymax>
		</bndbox>
	</object>
</annotation>
