<annotation>
	<folder>airplane</folder>
	<filename>ucak_085.jpg</filename>
	<path>C:\Users\BLACKSEA\Desktop\image\airplane\ucak_085.jpg</path>
	<source>
		<database>Unknown</database>
	</source>
	<size>
		<width>1114</width>
		<height>627</height>
		<depth>3</depth>
	</size>
	<segmented>0</segmented>
	<object>
		<name>ucak</name>
		<pose>Unspecified</pose>
		<truncated>0</truncated>
		<difficult>0</difficult>
		<bndbox>
			<xmin>33</xmin>
			<ymin>164</ymin>
			<xmax>1072</xmax>
			<ymax>533</ymax>
		</bndbox>
	</object>
</annotation>
