<annotation>
	<folder>airplane</folder>
	<filename>ucak_019.jpg</filename>
	<path>C:\Users\BLACKSEA\Desktop\image\airplane\ucak_019.jpg</path>
	<source>
		<database>Unknown</database>
	</source>
	<size>
		<width>794</width>
		<height>275</height>
		<depth>3</depth>
	</size>
	<segmented>0</segmented>
	<object>
		<name>ucak</name>
		<pose>Unspecified</pose>
		<truncated>0</truncated>
		<difficult>0</difficult>
		<bndbox>
			<xmin>104</xmin>
			<ymin>50</ymin>
			<xmax>727</xmax>
			<ymax>243</ymax>
		</bndbox>
	</object>
</annotation>
