<annotation>
	<folder>airplane</folder>
	<filename>ucak_021.jpg</filename>
	<path>C:\Users\BLACKSEA\Desktop\image\airplane\ucak_021.jpg</path>
	<source>
		<database>Unknown</database>
	</source>
	<size>
		<width>528</width>
		<height>340</height>
		<depth>3</depth>
	</size>
	<segmented>0</segmented>
	<object>
		<name>ucak</name>
		<pose>Unspecified</pose>
		<truncated>0</truncated>
		<difficult>0</difficult>
		<bndbox>
			<xmin>24</xmin>
			<ymin>40</ymin>
			<xmax>514</xmax>
			<ymax>305</ymax>
		</bndbox>
	</object>
</annotation>
