<annotation>
	<folder>airplane</folder>
	<filename>ucak_112.jpg</filename>
	<path>C:\Users\BLACKSEA\Desktop\image\airplane\ucak_112.jpg</path>
	<source>
		<database>Unknown</database>
	</source>
	<size>
		<width>1280</width>
		<height>720</height>
		<depth>3</depth>
	</size>
	<segmented>0</segmented>
	<object>
		<name>ucak</name>
		<pose>Unspecified</pose>
		<truncated>0</truncated>
		<difficult>0</difficult>
		<bndbox>
			<xmin>200</xmin>
			<ymin>468</ymin>
			<xmax>334</xmax>
			<ymax>591</ymax>
		</bndbox>
	</object>
</annotation>
