<annotation>
	<folder>airplane</folder>
	<filename>ucak_025.jpg</filename>
	<path>C:\Users\BLACKSEA\Desktop\image\airplane\ucak_025.jpg</path>
	<source>
		<database>Unknown</database>
	</source>
	<size>
		<width>259</width>
		<height>194</height>
		<depth>3</depth>
	</size>
	<segmented>0</segmented>
	<object>
		<name>ucak</name>
		<pose>Unspecified</pose>
		<truncated>0</truncated>
		<difficult>0</difficult>
		<bndbox>
			<xmin>2</xmin>
			<ymin>27</ymin>
			<xmax>251</xmax>
			<ymax>159</ymax>
		</bndbox>
	</object>
</annotation>
