<annotation>
	<folder>airplane</folder>
	<filename>ucak_041.jpg</filename>
	<path>C:\Users\BLACKSEA\Desktop\image\airplane\ucak_041.jpg</path>
	<source>
		<database>Unknown</database>
	</source>
	<size>
		<width>500</width>
		<height>380</height>
		<depth>3</depth>
	</size>
	<segmented>0</segmented>
	<object>
		<name>ucak</name>
		<pose>Unspecified</pose>
		<truncated>0</truncated>
		<difficult>0</difficult>
		<bndbox>
			<xmin>8</xmin>
			<ymin>62</ymin>
			<xmax>477</xmax>
			<ymax>283</ymax>
		</bndbox>
	</object>
</annotation>
