<annotation>
	<folder>airplane</folder>
	<filename>ucak_094.jpg</filename>
	<path>C:\Users\BLACKSEA\Desktop\image\airplane\ucak_094.jpg</path>
	<source>
		<database>Unknown</database>
	</source>
	<size>
		<width>1024</width>
		<height>581</height>
		<depth>3</depth>
	</size>
	<segmented>0</segmented>
	<object>
		<name>ucak</name>
		<pose>Unspecified</pose>
		<truncated>0</truncated>
		<difficult>0</difficult>
		<bndbox>
			<xmin>107</xmin>
			<ymin>180</ymin>
			<xmax>806</xmax>
			<ymax>432</ymax>
		</bndbox>
	</object>
</annotation>
