<annotation>
	<folder>airplane</folder>
	<filename>ucak_044.jpg</filename>
	<path>C:\Users\BLACKSEA\Desktop\image\airplane\ucak_044.jpg</path>
	<source>
		<database>Unknown</database>
	</source>
	<size>
		<width>4400</width>
		<height>2200</height>
		<depth>3</depth>
	</size>
	<segmented>0</segmented>
	<object>
		<name>ucak</name>
		<pose>Unspecified</pose>
		<truncated>0</truncated>
		<difficult>0</difficult>
		<bndbox>
			<xmin>381</xmin>
			<ymin>426</ymin>
			<xmax>3393</xmax>
			<ymax>1973</ymax>
		</bndbox>
	</object>
</annotation>
