<annotation>
	<folder>airplane</folder>
	<filename>ucak_011.jpg</filename>
	<path>C:\Users\BLACKSEA\Desktop\image\airplane\ucak_011.jpg</path>
	<source>
		<database>Unknown</database>
	</source>
	<size>
		<width>356</width>
		<height>425</height>
		<depth>1</depth>
	</size>
	<segmented>0</segmented>
	<object>
		<name>ucak</name>
		<pose>Unspecified</pose>
		<truncated>1</truncated>
		<difficult>0</difficult>
		<bndbox>
			<xmin>2</xmin>
			<ymin>1</ymin>
			<xmax>356</xmax>
			<ymax>423</ymax>
		</bndbox>
	</object>
</annotation>
