<annotation>
	<folder>airplane</folder>
	<filename>ucak_038.jpg</filename>
	<path>C:\Users\BLACKSEA\Desktop\image\airplane\ucak_038.jpg</path>
	<source>
		<database>Unknown</database>
	</source>
	<size>
		<width>2772</width>
		<height>1976</height>
		<depth>3</depth>
	</size>
	<segmented>0</segmented>
	<object>
		<name>ucak</name>
		<pose>Unspecified</pose>
		<truncated>1</truncated>
		<difficult>0</difficult>
		<bndbox>
			<xmin>136</xmin>
			<ymin>679</ymin>
			<xmax>2772</xmax>
			<ymax>1575</ymax>
		</bndbox>
	</object>
</annotation>
