<annotation>
	<folder>airplane</folder>
	<filename>ucak_065.jpg</filename>
	<path>C:\Users\BLACKSEA\Desktop\image\airplane\ucak_065.jpg</path>
	<source>
		<database>Unknown</database>
	</source>
	<size>
		<width>783</width>
		<height>438</height>
		<depth>3</depth>
	</size>
	<segmented>0</segmented>
	<object>
		<name>ucak</name>
		<pose>Unspecified</pose>
		<truncated>0</truncated>
		<difficult>0</difficult>
		<bndbox>
			<xmin>30</xmin>
			<ymin>68</ymin>
			<xmax>775</xmax>
			<ymax>329</ymax>
		</bndbox>
	</object>
</annotation>
