<annotation>
	<folder>airplane</folder>
	<filename>ucak_064.jpg</filename>
	<path>C:\Users\BLACKSEA\Desktop\image\airplane\ucak_064.jpg</path>
	<source>
		<database>Unknown</database>
	</source>
	<size>
		<width>1232</width>
		<height>820</height>
		<depth>3</depth>
	</size>
	<segmented>0</segmented>
	<object>
		<name>ucak</name>
		<pose>Unspecified</pose>
		<truncated>0</truncated>
		<difficult>0</difficult>
		<bndbox>
			<xmin>291</xmin>
			<ymin>46</ymin>
			<xmax>1061</xmax>
			<ymax>769</ymax>
		</bndbox>
	</object>
</annotation>
