<annotation>
	<folder>airplane</folder>
	<filename>ucak_032.jpg</filename>
	<path>C:\Users\BLACKSEA\Desktop\image\airplane\ucak_032.jpg</path>
	<source>
		<database>Unknown</database>
	</source>
	<size>
		<width>800</width>
		<height>533</height>
		<depth>3</depth>
	</size>
	<segmented>0</segmented>
	<object>
		<name>ucak</name>
		<pose>Unspecified</pose>
		<truncated>0</truncated>
		<difficult>0</difficult>
		<bndbox>
			<xmin>147</xmin>
			<ymin>225</ymin>
			<xmax>645</xmax>
			<ymax>418</ymax>
		</bndbox>
	</object>
</annotation>
