<annotation>
	<folder>airplane</folder>
	<filename>ucak_010.jpg</filename>
	<path>C:\Users\BLACKSEA\Desktop\image\airplane\ucak_010.jpg</path>
	<source>
		<database>Unknown</database>
	</source>
	<size>
		<width>626</width>
		<height>626</height>
		<depth>1</depth>
	</size>
	<segmented>0</segmented>
	<object>
		<name>ucak</name>
		<pose>Unspecified</pose>
		<truncated>1</truncated>
		<difficult>0</difficult>
		<bndbox>
			<xmin>1</xmin>
			<ymin>68</ymin>
			<xmax>626</xmax>
			<ymax>583</ymax>
		</bndbox>
	</object>
</annotation>
