<annotation>
	<folder>airplane</folder>
	<filename>ucak_101.jpeg</filename>
	<path>C:\Users\BLACKSEA\Desktop\image\airplane\ucak_101.jpeg</path>
	<source>
		<database>Unknown</database>
	</source>
	<size>
		<width>1200</width>
		<height>528</height>
		<depth>3</depth>
	</size>
	<segmented>0</segmented>
	<object>
		<name>ucak</name>
		<pose>Unspecified</pose>
		<truncated>0</truncated>
		<difficult>0</difficult>
		<bndbox>
			<xmin>631</xmin>
			<ymin>164</ymin>
			<xmax>801</xmax>
			<ymax>304</ymax>
		</bndbox>
	</object>
</annotation>
