<annotation>
	<folder>airplane</folder>
	<filename>ucak_017.jpg</filename>
	<path>C:\Users\BLACKSEA\Desktop\image\airplane\ucak_017.jpg</path>
	<source>
		<database>Unknown</database>
	</source>
	<size>
		<width>3506</width>
		<height>1402</height>
		<depth>3</depth>
	</size>
	<segmented>0</segmented>
	<object>
		<name>ucak</name>
		<pose>Unspecified</pose>
		<truncated>0</truncated>
		<difficult>0</difficult>
		<bndbox>
			<xmin>1356</xmin>
			<ymin>417</ymin>
			<xmax>3419</xmax>
			<ymax>1070</ymax>
		</bndbox>
	</object>
</annotation>
