<annotation>
	<folder>airplane</folder>
	<filename>ucak_104.jpg</filename>
	<path>C:\Users\BLACKSEA\Desktop\image\airplane\ucak_104.jpg</path>
	<source>
		<database>Unknown</database>
	</source>
	<size>
		<width>960</width>
		<height>720</height>
		<depth>3</depth>
	</size>
	<segmented>0</segmented>
	<object>
		<name>ucak</name>
		<pose>Unspecified</pose>
		<truncated>0</truncated>
		<difficult>0</difficult>
		<bndbox>
			<xmin>321</xmin>
			<ymin>364</ymin>
			<xmax>375</xmax>
			<ymax>409</ymax>
		</bndbox>
	</object>
	<object>
		<name>ucak</name>
		<pose>Unspecified</pose>
		<truncated>0</truncated>
		<difficult>0</difficult>
		<bndbox>
			<xmin>522</xmin>
			<ymin>383</ymin>
			<xmax>578</xmax>
			<ymax>423</ymax>
		</bndbox>
	</object>
</annotation>
