<annotation>
	<folder>airplane</folder>
	<filename>ucak_120.jpg</filename>
	<path>C:\Users\BLACKSEA\Desktop\image\airplane\ucak_120.jpg</path>
	<source>
		<database>Unknown</database>
	</source>
	<size>
		<width>1599</width>
		<height>1066</height>
		<depth>3</depth>
	</size>
	<segmented>0</segmented>
	<object>
		<name>ucak</name>
		<pose>Unspecified</pose>
		<truncated>0</truncated>
		<difficult>0</difficult>
		<bndbox>
			<xmin>465</xmin>
			<ymin>559</ymin>
			<xmax>787</xmax>
			<ymax>800</ymax>
		</bndbox>
	</object>
</annotation>
