<annotation>
	<folder>airplane</folder>
	<filename>ucak_078.jpg</filename>
	<path>C:\Users\BLACKSEA\Desktop\image\airplane\ucak_078.jpg</path>
	<source>
		<database>Unknown</database>
	</source>
	<size>
		<width>640</width>
		<height>360</height>
		<depth>3</depth>
	</size>
	<segmented>0</segmented>
	<object>
		<name>ucak</name>
		<pose>Unspecified</pose>
		<truncated>0</truncated>
		<difficult>0</difficult>
		<bndbox>
			<xmin>217</xmin>
			<ymin>150</ymin>
			<xmax>404</xmax>
			<ymax>213</ymax>
		</bndbox>
	</object>
</annotation>
