<annotation>
	<folder>airplane</folder>
	<filename>ucak_023.jpg</filename>
	<path>C:\Users\BLACKSEA\Desktop\image\airplane\ucak_023.jpg</path>
	<source>
		<database>Unknown</database>
	</source>
	<size>
		<width>750</width>
		<height>562</height>
		<depth>3</depth>
	</size>
	<segmented>0</segmented>
	<object>
		<name>ucak</name>
		<pose>Unspecified</pose>
		<truncated>0</truncated>
		<difficult>0</difficult>
		<bndbox>
			<xmin>23</xmin>
			<ymin>77</ymin>
			<xmax>663</xmax>
			<ymax>450</ymax>
		</bndbox>
	</object>
</annotation>
