<annotation>
	<folder>airplane</folder>
	<filename>ucak_076.jpg</filename>
	<path>C:\Users\BLACKSEA\Desktop\image\airplane\ucak_076.jpg</path>
	<source>
		<database>Unknown</database>
	</source>
	<size>
		<width>650</width>
		<height>430</height>
		<depth>3</depth>
	</size>
	<segmented>0</segmented>
	<object>
		<name>ucak</name>
		<pose>Unspecified</pose>
		<truncated>0</truncated>
		<difficult>0</difficult>
		<bndbox>
			<xmin>311</xmin>
			<ymin>187</ymin>
			<xmax>616</xmax>
			<ymax>304</ymax>
		</bndbox>
	</object>
</annotation>
